text	kana	fed_text	sources
「ぜひ試食してください」と言わんばかりに、店主が新作を差し出してきた。	ゼ'_ヒ/シショク'/_シテ'/クダサ'イ、ト'/イワ'ンバカリニ、テ'ンシュガ/シンサクオ'/サシダ'_シテ/キ'タ	「ぜひ試食してください」と言わんばかりに、店主が新作を差し出してきた。	grammar-n1#n1-77
「試してごらん」とばかりに、店主が新作のパンを差し出してきた。	タメシ'テ/ゴラン'、トバカリニ'、テ'ンシュガ/シンサクノ'/パ'ンオ/サシダ'_シテ/キ'タ	「試してごらん」とばかりに、店主が新作のパンを差し出してきた。	grammar-n1#n1-58
「待ってました」とばかりに、彼は勢いよく手を挙げた。	マ'ッテマ_シタ、トバカリニ'、カ'レワ/イキオ'イ/ヨ'_ク/テ'オ/アゲタ'	「待ってました」とばかりに、彼は勢いよく手を挙げた。	grammar-n1#n1-58
100キロからある荷物を、彼は一人で運び切った。	ヒャッ'キロカラ/ア'ル/ニ'モツオ、カ'レワ/_ヒト'リデ/ハコビキッタ'	100キロからある荷物を、彼は一人で運び切った。	grammar-n1#n1-84
50歳にして初めて海外に渡航した。	ゴジュッ'サイニ/_シテ'/ハジ'メテ/カ'イガイニ/トコオ'/_シタ'	50歳にして初めて海外に渡航した。	grammar-n1#n1-57
5分の遅刻ならまだしも、1時間遅れるのはありえない。	ゴ'フンノ/_チコクナラ'/マ'ダシモ、イチジ'カン/オクレル'/ノワ'/アリエナイ'	5分の遅刻ならまだしも、1時間遅れるのはありえない。	grammar-n1#n1-11
あの人に秘密を打ち明けたが最後、あっという間に噂が広がる。	アノ'/_ヒトニ'/ヒミツオ'/ウチアケ'タガ/サ'イゴ、アットユウマニ'/ウワサガ'/ヒロガル'	あの人に秘密を打ち明けたが最後、あっという間に噂が広がる。	grammar-n1#n1-93
あの歴史ある城は、一度訪れるに足る名所だ。	アノ'/レ_キシ'/ア'ル/シロワ'、イチド'/オトズレルニ'/タル'/メエショダ'	あの歴史ある城は、一度訪れるに足る名所だ。	grammar-n1#n1-91
あまりに悲惨な光景で、見るに堪えなかった。	アマリニ'/_ヒサンナ'/コオケエデ'、ミルニ'/コタエ'ナカッタ	あまりに悲惨な光景で、見るに堪えなかった。	grammar-n1#n1-36
うちの子ったら、また宿題を忘れていったわ。	ウチノ'/コッタラ'、マタ'/_シュクダイオ'/ワスレテ'/イッタ'ワ	うちの子ったら、また宿題を忘れていったわ。	grammar-n1#n1-44
うちの上司ときたら、出張のたびにお土産の約束を忘れる。	ウチノ'/ジョ'オ_シ/ト'_キタラ、シュッチョオノ'/タビ'ニ/オミ'ヤゲノ/ヤ_クソクオ'/ワスレル'	うちの上司ときたら、出張のたびにお土産の約束を忘れる。	grammar-n1#n1-45
うちの上司は細かい指示を出しすぎる嫌いがある。	ウチノ'/ジョ'オシワ/コマカ'イ/シ'ジオ/ダ_シスギ'ル/キライガ'/ア'ル	うちの上司は細かい指示を出しすぎる嫌いがある。	grammar-n1#n1-75
うまくいかなければ、もう一度やり直すまでだ。	ウマクイカ'ナケレバ、モオイチド'/ヤリナオ'スマデダ	うまくいかなければ、もう一度やり直すまでだ。	grammar-n1#n1-13
お客様あっての商売だ。	オキャ_クサ'マ/ア'ッテノ/ショ'オバイダ	お客様あっての商売だ。	grammar-n1#n1-78
お休み中のところを恐れ入りますが、確認のお電話を差し上げました。	オヤスミチュウノ'/トコロオ'/オソレイリマ'_スガ、カクニンノ'/オデ'ンワオ/サシアゲマ'_シタ	お休み中のところを恐れ入りますが、確認のお電話を差し上げました。	grammar-n1#n1-32
お忙しいところをお越しいただき、誠にありがとうございます。	オイソガシイ'/トコロオ'/オコシ'/イタダキ'、マコトニ'/アリ'ガトオ/ゴザイマ'_ス	お忙しいところをお越しいただき、誠にありがとうございます。	grammar-n1#n1-32
お礼かたがた、ご挨拶に伺いました。	オレエカタ'ガタ、ゴア'イサツニ/ウカガイマ'_シタ	お礼かたがた、ご挨拶に伺いました。	grammar-n1#n1-60
ゴールデンウィークともなると、人気テーマパークは入場制限が出るほど混雑する。	ゴオルデンウィイ'_クトモ/ナ'ルト、ニン_キテエマパ'アクワ/ニュウジョオセエゲ'ンガ/デ'ルホド/コ'ンザ_ツ/スル'	ゴールデンウィークともなると、人気テーマパークは入場制限が出るほど混雑する。	grammar-n1#n1-47
ここに駐車するべからず。	ココニ'/チュウシャ'/スルベカラ'ズ	ここに駐車するべからず。	grammar-n1#n1-53
ここまで来たら、謝らずにはすまないだろう。	ココマ'デ/キ'タラ、アヤマラズニワ'/スマ'ナイダロオ	ここまで来たら、謝らずにはすまないだろう。	grammar-n1#n1-71
このドキュメンタリーは、視聴者に深く考えさせずにはおかない。	コノ'/ドキュメ'ンタリイワ、_シチョオシャニ'/_フカ_クカンガエサセズニワ'/オカナイ'	このドキュメンタリーは、視聴者に深く考えさせずにはおかない。	grammar-n1#n1-70
このプロジェクトが高く評価される理由は、理解に難くない。	コノ'/プロ'ジェ_クトガ/タカ'_ク/ヒョ'オカ/サレル'/リユウワ'、リ'カイニ/カタクナ'イ	このプロジェクトが高く評価される理由は、理解に難くない。	grammar-n1#n1-38
このような大役を仰せつかり、光栄の至りでございます。	コノ'/ヨ'オナ/タイヤクオ'/オオセ_ツカ'リ、コオエエノ'/イタリデゴザイマ'_ス	このような大役を仰せつかり、光栄の至りでございます。	grammar-n1#n1-35
このような無名の店にこれほどの名品があるとは、驚きだ。	コノ'/ヨ'オナ/ムメエノ'/ミセ'ニ/コレホドノ'/メエヒンガ'/ア'ルトワ、オドロキダ'	このような無名の店にこれほどの名品があるとは、驚きだ。	grammar-n1#n1-43
この映画は、観客を感動させずにはおかない。	コノ'/エエガワ'、カンキャクオ'/カンドオ'/サセズニワ'/オカナイ'	この映画は、観客を感動させずにはおかない。	grammar-n1#n1-70
この企業の影響は国内にとどまらず、海外にも広く及んでいる。	コノ'/キ'ギョオノ/エエキョオワ'/コク'ナイニ/トドマラ'ズ、カ'イガイニモ/ヒロ'クオヨンデ/イル'	この企業の影響は国内にとどまらず、海外にも広く及んでいる。	grammar-n1#n1-80
この基礎的な理論すら理解していないとは、驚きだ。	コノ'/_キソ'テキナ/リ'ロンスラ/リ'カイ/_シテ'/イナイトワ'、オドロキダ'	この基礎的な理論すら理解していないとは、驚きだ。	grammar-n1#n1-81
この状況を乗り切る方法は、ただ粘り強く続けるのみだ。	コノ'/ジョオキョオオ'/ノリキ'ル/ホオホオワ'、タ'ダ/ネバリズヨ'_クツズケルノミダ	この状況を乗り切る方法は、ただ粘り強く続けるのみだ。	grammar-n1#n1-73
この町の景観を守れるのは、地元の住民をおいてほかにない。	コノ'/マチ'ノ/ケエカンオ'/マモレ'ル/ノワ'、ジモトノ'/ジュウミンオ'/オ'イテ/ホカニ'/ナ'イ	この町の景観を守れるのは、地元の住民をおいてほかにない。	grammar-n1#n1-7
この町の冬の冷え込みっぷりったらない。	コノ'/マチ'ノ/フユ'ノ/ヒエコミッ'プリッタラナイ	この町の冬の冷え込みっぷりったらない。	grammar-n1#n1-41
この任務を任せられるのは、彼をおいてほかにいない。	コノ'/ニ'ンムオ/マカセラレ'ル/ノワ'、カ'レオ/オ'イテ/ホカニ'/イナイ'	この任務を任せられるのは、彼をおいてほかにいない。	grammar-n1#n1-7
その試験は難しかろうが、準備を重ねれば突破できるはずだ。	ソノ'/_シケ'ンワ/ムズカシ'カロウガ、ジュ'ンビオ/カサネレ'バ/トッパ'/デキ'ル/ハズダ'	その試験は難しかろうが、準備を重ねれば突破できるはずだ。	grammar-n1#n1-54
ただ前進するのみだ。	タ'ダ/ゼンシン'/スルノ'ミダ	ただ前進するのみだ。	grammar-n1#n1-73
たとえベテランであれ、初心を忘れてはいけない。	タトエ'/ベテランデアレ'、ショシンオ'/ワスレテワ'/イケナイ'	たとえベテランであれ、初心を忘れてはいけない。	grammar-n1#n1-5
たとえ社長であれ、法律を超えることはできない。	タトエ'/シャチョオデアレ'、ホオリツオ'/コエル'/コト'ワ/デキ'ナイ	たとえ社長であれ、法律を超えることはできない。	grammar-n1#n1-5
チャイムが鳴るが早いか、子供たちは教室を飛び出した。	チャ'イムガ/ナルガ'/ハヤ'イカ、コドモ'タチワ/キョオ_シツオ'/トビダ'_シタ	チャイムが鳴るが早いか、子供たちは教室を飛び出した。	grammar-n1#n1-15
どこともなく甘い香りが漂ってきた。	ド'コトモ/ナ'クアマイ/カオリガ'/タダヨ'ッテ/キ'タ	どこともなく甘い香りが漂ってきた。	grammar-n1#n1-49
どのような理由であれ、暴力は正当化できない。	ド'ノ/ヨ'オナ/リユウデアレ'、ボ'オリョクワ/セエトオカ'/デキ'ナイ	どのような理由であれ、暴力は正当化できない。	grammar-n1#n1-5
どんなに急いだところで、最終便には間に合わない。	ド'ンナニ/イソ'イダ/トコロデ'、サイシュウ'ビンニワ/マニアワ'ナイ	どんなに急いだところで、最終便には間に合わない。	grammar-n1#n1-27
どんなに暑かろうと、毎朝のランニングは欠かさない。	ド'ンナニ/アツ'カロウト、マ'イアサノ/ランニングワ'/カカサナイ'	どんなに暑かろうと、毎朝のランニングは欠かさない。	grammar-n1#n1-28
ネイティブのようには話せないまでも、日常会話はこなしたい。	ネ'イティブノ/ヨ'オニワ/ハナセ'ナイマデモ、ニチジョオカ'イワ/カ'ナ、ハ'、コ'/ナ'_シタイ	ネイティブのようには話せないまでも、日常会話kana:ハ'コなしたい。	grammar-n1#n1-10
パンデミックにあって、多くの企業がリモートワークを導入した。	パンデミ'ックニ/ア'ッテ、オ'オクノ/キ'ギョオガ/リモオトワ'アクオ/ドオニュウ'/_シタ'	パンデミックにあって、多くの企業がリモートワークを導入した。	grammar-n1#n1-46
プロジェクトの成否は、初動いかんで決まる。	プロ'ジェ_クトノ/セ'エヒワ、ショドオ'/イカ'ンデ/キマル'	プロジェクトの成否は、初動いかんで決まる。	grammar-n1#n1-65
プロとは言い条、ミスを犯すこともある。	プ'ロトワ/イイジョオ'、ミ'スオ/オカ_ス'/コト'モ/ア'ル	プロとは言い条、ミスを犯すこともある。	grammar-n1#n1-86
まさか第一志望に合格するとは、思いもよらなかった。	マ'サカ/ダイイ_チシ'ボオニ/ゴオカ_ク'/スルトワ'、オモ'イモ/ヨラナカッタ'	まさか第一志望に合格するとは、思いもよらなかった。	grammar-n1#n1-43
ラッシュ時の通勤電車は不快極まりない。	ラッシュ'ジノ/ツウキンデ'ンシャワ/_フカイ'/キワマリナ'イ	ラッシュ時の通勤電車は不快極まりない。	grammar-n1#n1-34
医療ミスは一件たりとも許されない。	イリョオ'ミスワ/イッ'ケンタリトモ/ユルサレ'ナイ	医療ミスは一件たりとも許されない。	grammar-n1#n1-4
一気に春めいてきた。	イ'ッキニ/ハルメ'イテ/キ'タ	一気に春めいてきた。	grammar-n1#n1-83
一流の技術者になるべく、彼は海外留学を決意した。	イチリュウノ'/ギジュ_ツシャニ'/ナ'ルベク、カ'レワ/カイガイリュ'ウガクオ/ケ'ツイ/_シタ'	一流の技術者になるべく、彼は海外留学を決意した。	grammar-n1#n1-22
運動がてら、隣駅まで歩いて通勤した。	ウンドオガ'/テ'ラ、トナリ'エキマデ/アル'イテ/ツウキン'/_シタ'	運動がてら、隣駅まで歩いて通勤した。	grammar-n1#n1-62
円高だとはいうものの、海外旅行は依然として高く感じる。	エン'ダカダトワ/イウモノノ'、カイガイリョ'コオワ/イゼント_シテ'/タカ'_クカンジル	円高だとはいうものの、海外旅行は依然として高く感じる。	grammar-n1#n1-33
価格が折り合えば、高級店で食事することも考えないものでもない。	カカクガ'/オリア'エバ、コオキュウ'テンデ/ショクジ'/スル'/コト'モ/カンガエ'ナイ/モノ'デモ/ナ'イ	価格が折り合えば、高級店で食事することも考えないものでもない。	grammar-n1#n1-74
家族の心配をよそに、彼は一人で海外に旅立った。	カ'ゾクノ/シンパイオ'/ヨ'ソニ、カ'レワ/_ヒト'リデ/カ'イガイニ/タビダ'ッタ	家族の心配をよそに、彼は一人で海外に旅立った。	grammar-n1#n1-67
家族を守らんがため、彼は危険な仕事も引き受けた。	カ'ゾクオ/マモラ'ンガ/タメ'、カ'レワ/_キケンナ'/シゴトモ'/_ヒキウケ'タ	家族を守らんがため、彼は危険な仕事も引き受けた。	grammar-n1#n1-21
花火大会とあって、会場周辺は規制でいっぱいだった。	ハナビタ'イカイト/ア'ッテ、カイジョオシュ'ウヘンワ/_キセエデ'/イ'ッパイダッタ	花火大会とあって、会場周辺は規制でいっぱいだった。	grammar-n1#n1-24
会社に勤めるかたわら、週末は小説を執筆している。	カイシャニ'/_ツトメ'ル/カタワラ'、シュウマツワ'/ショオセツオ'/シッ_ピツ'/_シテ'/イル'	会社に勤めるかたわら、週末は小説を執筆している。	grammar-n1#n1-61
改札を出るなり、見知らぬ方に道を尋ねられた。	カイサツオ'/デ'ルナリ、ミシラヌ'/ホ'オニ/ミチオ'/タズネ'ラレタ	改札を出るなり、見知らぬ方に道を尋ねられた。	grammar-n1#n1-14
海外旅行はおろか、この県を出たこともない。	カイガイリョ'コオワ/オ'ロカ、コノ'/ケ'ンオ/デタ'/コト'モ/ナ'イ	海外旅行はおろか、この県を出たこともない。	grammar-n1#n1-9
皆様のご支援に、感謝に堪えない。	ミナ'サマノ/ゴシ'エンニ、カ'ンシャニ/コタエ'ナイ	皆様のご支援に、感謝に堪えない。	grammar-n1#n1-36
皆様のますますのご発展を願ってやみません。	ミナ'サマノ/マ_スマ'_スノ/ゴハ'ッテンオ/ネガ'ッテ/ヤミマセ'ン	皆様のますますのご発展を願ってやみません。	grammar-n1#n1-39
汗まみれになりながら、祭りの神輿を担いだ。	アセ'マミレニ/ナリナ'ガラ、マツリノ'/ミコシオ'/カツ'イダ	汗まみれになりながら、祭りの神輿を担いだ。	grammar-n1#n1-63
漢字はおろか、ひらがなさえまだ読めない。	カンジワ'/オ'ロカ、ヒラガナ'サエ/マ'ダ/ヨメ'ナイ	漢字はおろか、ひらがなさえまだ読めない。	grammar-n1#n1-9
看板を拭くそばから、また砂埃がついてしまう。	カンバンオ'/_フク'/ソ'バカラ、マタ'/スナボ'コリガ/ツ'イテ/シマウ'	看板を拭くそばから、また砂埃がついてしまう。	grammar-n1#n1-17
簡単なプロジェクトだと思いきや、実は非常に複雑だった。	カンタンナ'/プロ'ジェ_クトダト/オモ'イキヤ、ジツ'ワ/ヒジョオニ'/_フクザツダッタ'	簡単なプロジェクトだと思いきや、実は非常に複雑だった。	grammar-n1#n1-30
企画の立案から実行に至るまで、彼女が一人で担当した。	_キカクノ'/リツアンカラ'/ジッコオニ'/イタ'ルマデ、カ'ノジョガ/_ヒト'リデ/タントオ'/_シタ'	企画の立案から実行に至るまで、彼女が一人で担当した。	grammar-n1#n1-19
危険極まりない運転で、重大事故につながった。	_キケン'/キワマリナ'イ/ウンテンデ'、ジュウダイ'/ジ'コニ/ツナガッタ'	危険極まりない運転で、重大事故につながった。	grammar-n1#n1-34
既に約束した手前、今さら断れない。	ス'デニ/ヤ_クソク'/_シタ'/テマエ'、イマサラ'/コトワレ'ナイ	既に約束した手前、今さら断れない。	grammar-n1#n1-26
教わるそばから忘れてしまう。	オソワル'/ソ'バカラ/ワスレテ'/シマウ'	教わるそばから忘れてしまう。	grammar-n1#n1-17
教育者にあるまじき発言だ。	キョオイ_クシャニ'/アルマ'ジ_キ/ハツゲンダ'	教育者にあるまじき発言だ。	grammar-n1#n1-52
教師を務めるかたわら、地域のボランティアにも精力的に関わっている。	キョ'オシオ/_ツトメ'ル/カタワラ'、チ'イキノ/ボラ'ンティアニモ/セエリョク'テキニ/カカワ'ッテ/イル'	教師を務めるかたわら、地域のボランティアにも精力的に関わっている。	grammar-n1#n1-61
近所のおばあちゃんったら、いつも手作りの漬物を届けてくれる。	キ'ンジョノ/オバ'アチャンッタラ、イ'ツモ/テズ'クリノ/_ツケモノオ'/トドケ'テ/クレル'	近所のおばあちゃんったら、いつも手作りの漬物を届けてくれる。	grammar-n1#n1-44
空襲の記録を読み、悲しみを禁じ得なかった。	クウシュウノ'/キロクオ'/ヨ'ミ、カナシミオ'/キンジエナカッタ'	空襲の記録を読み、悲しみを禁じ得なかった。	grammar-n1#n1-37
君の将来を案じていればこそ、厳しいことを言う。	キミノ'/ショ'オライオ/アンジテ'/イレ'バコソ、キビシ'イ/コト'オ/イウ'	君の将来を案じていればこそ、厳しいことを言う。	grammar-n1#n1-25
兄の几帳面さにひきかえ、弟はいつも部屋が散らかっている。	ア'ニノ/_キチョオメン'サニ/_ヒキカ'エ、オトオト'ワ/イ'ツモ/ヘヤ'ガ/チラカッテ'/イル'	兄の几帳面さにひきかえ、弟はいつも部屋が散らかっている。	grammar-n1#n1-40
経験豊富なベテランをもってしても、あの案件は手強かった。	ケエケン'/ホオフナ'/ベテランオ'/モ'ッテ/_シテモ'、アノ'/アンケンワ'/テゴワ'カッタ	経験豊富なベテランをもってしても、あの案件は手強かった。	grammar-n1#n1-68
健康あっての挑戦だ。体を壊しては元も子もない。	ケンコオ'/ア'ッテノ/チョオセンダ'、カラダオ'/コワ'_シテワ/モト'モ/コモ'/ナ'イ	健康あっての挑戦だ。体を壊しては元も子もない。	grammar-n1#n1-78
健康であればこそ、好きなことに挑戦できる。	ケンコオデアレ'バコソ、_スキ'ナ/コト'ニ/チョオセン'/デキ'ル	健康であればこそ、好きなことに挑戦できる。	grammar-n1#n1-25
見るともなくテレビを眺めていたら、見覚えのある街が映っていた。	ミ'ルトモ/ナ'_ク/テ'レビオ/ナガメ'テ/イタ'ラ、ミオボエノ'/ア'ル/マチ'ガ/ウツ'ッテ/イタ'	見るともなくテレビを眺めていたら、見覚えのある街が映っていた。	grammar-n1#n1-49
原価を下回る取引は、一円たりとも値引きしない。	ゲ'ンカオ/_シタマワ'ル/トリ'_ヒキワ、イチ'エンタリトモ/ネビ_キ'/シナイ'	原価を下回る取引は、一円たりとも値引きしない。	grammar-n1#n1-4
玄関に着くなり、彼はソファに倒れ込んだ。	ゲ'ンカンニ/ツ'クナリ、カ'レワ/ソ'ファニ/タオレコ'ンダ	玄関に着くなり、彼はソファに倒れ込んだ。	grammar-n1#n1-14
現地ならではの食材を使った料理に出会えた。	ゲンチナ'ラデワノ/ショクザイオ'/_ツカッタ'/リョ'オリニ/デアエ'タ	現地ならではの食材を使った料理に出会えた。	grammar-n1#n1-8
後輩たちの活躍を期待してやまない。	コオハイ'タチノ/カツヤクオ'/_キタイ'/_シテ'/ヤマナイ'	後輩たちの活躍を期待してやまない。	grammar-n1#n1-39
後輩の手前、弱音を吐くわけにはいかない。	コオハイノ'/テマエ'、ヨワネオ'/ハ'ク/ワ'ケニワ/イカナイ'	後輩の手前、弱音を吐くわけにはいかない。	grammar-n1#n1-26
公人として許すまじき暴言が議会で飛び出した。	コオジント'/_シテ'/ユルスマ'ジキ/ボオゲンガ'/ギ'カイデ/トビダ'_シタ	公人として許すまじき暴言が議会で飛び出した。	grammar-n1#n1-52
慌てたところで、結果が変わるわけではない。	アワテタ'/トコロデ'、ケッカガ'/カワル'/ワ'ケデ/カ'ナ、ハ'、ナ'/イ'	慌てたところで、結果が変わるわけでkana:ハ'ナい。	grammar-n1#n1-27
合格したと思いきや、番号を見間違えていた。	ゴオカク'/_シタ'ト/オモ'イキヤ、バンゴ'オオ/ミ'マチガエテ/イタ'	合格したと思いきや、番号を見間違えていた。	grammar-n1#n1-30
合格の知らせを聞いた時の嬉しさといったらない。	ゴオカクノ'/シラセオ'/キイタ'/トキ'ノ/ウレシ'サト/イッタ'ラ/ナ'イ	合格の知らせを聞いた時の嬉しさといったらない。	grammar-n1#n1-41
国際会議でスピーチする機会を頂き、光栄の至りです。	コ_クサイカ'イギデ/_スピ'イ_チ/スル'/キ'カイオ/イタダキ'、コオエエノ'/イタリ'デ_ス	国際会議でスピーチする機会を頂き、光栄の至りです。	grammar-n1#n1-35
今さら謝ったところで、関係は戻らないだろう。	イマサラ'/アヤマ'ッタ/トコロデ'、カンケエワ'/モドラ'ナイダロオ	今さら謝ったところで、関係は戻らないだろう。	grammar-n1#n1-27
今期の業績は、チームの努力いかんにかかっている。	コ'ンキノ/ギョオセキワ'、チ'イムノ/ド'リョク/イカ'ンニ/カカ'ッテ/イル'	今期の業績は、チームの努力いかんにかかっている。	grammar-n1#n1-65
今月を限りに、老舗のうどん店が幕を下ろす。	コンゲツオ'/カ'ギリニ、シニセノ'/ウドン'テンガ/マク'オ/オロ'ス	今月を限りに、老舗のうどん店が幕を下ろす。	grammar-n1#n1-82
今週は表彰、昇進、受賞といいことずくめの一週間だった。	コンシュウワ'/ヒョオショオ'、ショオシン'、ジュショオト'/イ'イ/コトズ'クメノ/イッシュ'ウカンダッタ	今週は表彰、昇進、受賞といいことずくめの一週間だった。	grammar-n1#n1-64
今日は黒ずくめのコーディネートで出かけた。	キョ'オワ/クロズ'クメノ/コオディネ'エトデ/デカケタ'	今日は黒ずくめのコーディネートで出かけた。	grammar-n1#n1-64
今日を限りに、タバコを完全にやめる。	キョ'オオ/カ'ギリニ、タバコオ'/カンゼンニ'/ヤメル'	今日を限りに、タバコを完全にやめる。	grammar-n1#n1-82
困難な状況にあっても、彼は希望を失わなかった。	コ'ンナンナ/ジョオキョオニ'/ア'ッテモ、カ'レワ/キボオオ'/ウシナワナカッタ'	困難な状況にあっても、彼は希望を失わなかった。	grammar-n1#n1-46
再開発の影響で、老舗は移転を余儀なくされた。	サイカ'イハツノ/エエキョオデ'、シニセワ'/イテンオ'/ヨギナ'_クサレタ	再開発の影響で、老舗は移転を余儀なくされた。	grammar-n1#n1-72
最近、ともすると怠けがちになってしまう。	サイキン'、ト'モスルト/ナマケガチニ'/ナ'ッテ/シマウ'	最近、ともすると怠けがちになってしまう。	grammar-n1#n1-79
最近の若手ときたら、挨拶もろくにできない。	サイキンノ'/ワカテ'/ト'_キタラ、ア'イサツモ/ロクニ'/デキ'ナイ	最近の若手ときたら、挨拶もろくにできない。	grammar-n1#n1-45
最終電車のアナウンスが流れるや否や、乗客が一斉にホームへ急いだ。	サイシュウデ'ンシャノ/アナウ'ンスガ/ナガレ'ルヤイナヤ、ジョオキャクガ'/イッセエニ'/ホ'オムエ/イソ'イダ	最終電車のアナウンスが流れるや否や、乗客が一斉にホームへ急いだ。	grammar-n1#n1-16
最新の技術をもってしても、解決しきれない問題がある。	サイシンノ'/ギ'ジュツオ/モ'ッテ/_シテモ'、カイケツ'/_シキレナイ'/モンダイガ'/ア'ル	最新の技術をもってしても、解決しきれない問題がある。	grammar-n1#n1-68
散歩がてら、コンビニに立ち寄った。	サンポガ'/テ'ラ、コンビニニ'/タチヨ'ッタ	散歩がてら、コンビニに立ち寄った。	grammar-n1#n1-62
賛成にせよ反対にせよ、自分の立場を明確にすべきだ。	サンセエニ'/セ'ヨ/ハンタイニ'/セ'ヨ、ジブンノ'/タ'チバオ/メエカクニ'/スベ'キダ	賛成にせよ反対にせよ、自分の立場を明確にすべきだ。	grammar-n1#n1-29
残り時間、一秒たりとも無駄にしたくない。	ノコリ'/ジカン'、イチ'ビョオタリトモ/ムダニ'/_シタク'ナイ	残り時間、一秒たりとも無駄にしたくない。	grammar-n1#n1-4
子供から高齢者に至るまで、誰もが楽しめるイベントだ。	コドモカラ'/コオレエシャニ'/イタ'ルマデ、ダ'レモガ/タノシメ'ル/イベントダ'	子供から高齢者に至るまで、誰もが楽しめるイベントだ。	grammar-n1#n1-19
子供ではあるまいし、泣くのはもうやめなさい。	コドモデワアルマ'イシ、ナク'/ノワ'/モ'オ/ヤメ'ナサイ	子供ではあるまいし、泣くのはもうやめなさい。	grammar-n1#n1-76
子供のためとあれば、親はどんな苦労も厭わない。	コドモノ'/タメ'ト/アレ'バ、オヤ'ワ/ド'ンナ/ク'ロオモ/イトワ'ナイ	子供のためとあれば、親はどんな苦労も厭わない。	grammar-n1#n1-6
市街地と言わず郊外と言わず、町中がお祭りムードに包まれた。	シガ'イ_チト/イワ'ズ/コ'オガイト/イワ'ズ、マチジュウガ'/オマツリム'ウドニ/_ツツ'マレタ	市街地と言わず郊外と言わず、町中がお祭りムードに包まれた。	grammar-n1#n1-42
指導者たるもの、常に冷静であるべきだ。	シドオシャタ'ル/モノ'、ツ'ネニ/レエセエデアルベ'キダ	指導者たるもの、常に冷静であるべきだ。	grammar-n1#n1-55
借金してまで、ブランド品を買う必要はない。	シャッキ'ン/_シテマデ'、ブランド'ヒンオ/カウ'/_ヒツヨオ'/カ'ナ、ハ'、ナ'/イ'	借金してまで、ブランド品を買う必要kana:ハ'ナい。	grammar-n1#n1-51
若さゆえの過ちだった。	ワカサ'ユエノ/アヤマチダッタ'	若さゆえの過ちだった。	grammar-n1#n1-23
若気の至りで、失礼なことをしてしまった。	ワカゲノ'/イタリ'デ、_シツ'レエナ/コト'オ/_シテ'/シマ'ッタ	若気の至りで、失礼なことをしてしまった。	grammar-n1#n1-35
手と言わず足と言わず、泥だらけになった。	テ'ト/イワ'ズ/アシ'ト/イワ'ズ、ドロダ'ラケニ/ナ'ッタ	手と言わず足と言わず、泥だらけになった。	grammar-n1#n1-42
手作りならではの温かみがある。	テズクリナ'ラデワノ/アタタカミガ'/ア'ル	手作りならではの温かみがある。	grammar-n1#n1-8
周囲が何と言おうが、自分の信念は曲げない。	シュ'ウイガ/ナ'ント/イオオガ'、ジブンノ'/シ'ンネンワ/マゲナイ'	周囲が何と言おうが、自分の信念は曲げない。	grammar-n1#n1-28
周囲の反対をよそに、彼女は起業の道を選んだ。	シュ'ウイノ/ハンタイオ'/ヨ'ソニ、カ'ノジョワ/キ'ギョオノ/ミチオ'/エラ'ンダ	周囲の反対をよそに、彼女は起業の道を選んだ。	grammar-n1#n1-67
住民の協力なくして、この地域の再生はあり得なかった。	ジュウミンノ'/キョオリョク'/ナ'ク_シテ、コノ'/チ'イキノ/サイセエワ'/アリエ'ナカッタ	住民の協力なくして、この地域の再生はあり得なかった。	grammar-n1#n1-56
出張かたがた、取引先への挨拶回りも済ませてきた。	シュッチョオカタ'ガタ、トリ_ヒキサキ'エノ/アイサツマ'ワリモ/スマセ'テ/キ'タ	出張かたがた、取引先えの挨拶回りも済ませてきた。	grammar-n1#n1-60
出張にかこつけて、旅行を楽しんだ。	シュッチョオニ'/カコ_ツケ'テ、リョコオオ'/タノシ'ンダ	出張にかこつけて、旅行を楽しんだ。	grammar-n1#n1-90
初めて取引する相手ではあるまいし、こんな初歩的なミスはあり得ない。	ハジ'メテ/トリ'_ヒキ/スル'/アイテデワアルマ'イシ、コンナ'/ショホ'テキナ/ミ'スワ/アリエ'ナイ	初めて取引する相手ではあるまいし、こんな初歩的なミスはあり得ない。	grammar-n1#n1-76
初対面で飴を渡されたぐらいで、戸惑うには当たらない。	ショタ'イメンデ/アメオ'/ワタサレタ'グライデ、トマドウニワ'/アタラナイ'	初対面で飴を渡されたぐらいで、戸惑うには当たらない。	grammar-n1#n1-59
小さなミスならまだしも、取引先に損害を与える規模の失敗は看過できない。	チ'イサナ/ミ'スナラ/マ'ダシモ、トリ_ヒキサキニ'/ソンガイオ'/アタエル'/キ'ボノ/シッパイワ'/カ'ンカ/デキ'ナイ	小さなミスならまだしも、取引先に損害を与える規模の失敗は看過できない。	grammar-n1#n1-11
笑っているのとも泣いているのともつかない表情だった。	ワラッテ'/イル'/ノトモ'/ナイテ'/イル'/ノトモ'/_ツカ'ナイ/ヒョオジョ'オダッタ	笑っているのとも泣いているのともつかない表情だった。	grammar-n1#n1-50
冗談ならまだしも、本気で言っているのか。	ジョオダ'ンナラ/マ'ダシモ、ホンキデ'/イッテ'/イル'/ノカ'	冗談ならまだしも、本気で言っているのか。	grammar-n1#n1-11
城の天守閣は、高さ50メートルからある巨大な建築だ。	シロノ'/テンシュ'カクワ、タカ'サ/ゴジュウメ'エトルカラ/ア'ル/キョダイナ'/ケン_チクダ'	城の天守閣は、高さ50メートルからある巨大な建築だ。	grammar-n1#n1-84
条件が合えば、引き受けないものでもない。	ジョオケ'ンガ/ア'エバ、_ヒキウケ'ナイ/モノ'デモ/ナ'イ	条件が合えば、引き受けないものでもない。	grammar-n1#n1-74
食の都とは言い条、どの店も美味しいとは限らない。	ショ'クノ/ト'トワ/イイジョオ'、ド'ノ/ミセ'モ/オイシ'イトワ/カギラ'ナイ	食の都とは言い条、どの店も美味しいとは限らない。	grammar-n1#n1-86
食べすぎて、帰りの電車で気分が悪くなる始末だ。	タベ'スギテ、カ'エリノ/デンシャデ'/キ'ブンガ/ワル'クナル/シ'マツダ	食べすぎて、かえりの電車で気分が悪くなる始末だ。	grammar-n1#n1-88
食べ歩き旅行は美味しいものずくめで、体重が増えた。	タベアルキリョ'コオワ/オイシ'イ/モノズ'クメデ、タイジュウガ'/フエ'タ	食べ歩き旅行は美味しいものずくめで、体重が増えた。	grammar-n1#n1-64
食べ放題に入ったが最後、食べすぎて動けなくなる。	タベホ'オダイニ/ハ'イッタガ/サ'イゴ、タベ'スギテ/ウゴケ'ナク/ナ'ル	食べ放題に入ったが最後、食べすぎて動けなくなる。	grammar-n1#n1-93
新商品が発売されるが早いか、店頭から消えた。	シンショ'オヒンガ/ハツバイ'/サレルガ'/ハヤ'イカ、テントオカラ'/キエタ'	新商品が発売されるが早いか、店頭から消えた。	grammar-n1#n1-15
新商品の発売を皮切りに、一連のマーケティング施策が展開された。	シンショ'オヒンノ/ハツバイオ'/カワキリニ'、イチレンノ'/マアケティングシ'サクガ/テンカイ'/サレタ'	新商品の発売を皮切りに、一連のマーケティング施策が展開された。	grammar-n1#n1-69
真夏の屋外は暑かろうが、祭りの熱気は一見の価値がある。	マナツノ'/オク'ガイワ/アツ'カロウガ、マツリノ'/ネッキワ'/イッケンノ'/カ'チガ/ア'ル	真夏の屋外は暑かろうが、祭りの熱気は一見の価値がある。	grammar-n1#n1-54
真夏の外出、昼間の歩行に至ってはほとんど拷問だ。	マナツノ'/ガイ_シュツ'、ヒルマ'ノ/ホコオニ'/イタ'ッテワ/ホト'ンド/ゴオモンダ'	真夏の外出、昼間の歩行に至ってはほとんど拷問だ。	grammar-n1#n1-1
真面目であるがゆえに、かえって批判されることもある。	マジメデアルガ'/ユ'エニ、カ'エッテ/ヒハン'/サレル'/コト'モ/ア'ル	真面目であるがゆえに、かえって批判されることもある。	grammar-n1#n1-23
親友の頼みとあれば、断るわけにはいかない。	シンユウノ'/タ'ノミト/アレ'バ、コトワ'ル/ワ'ケニワ/イカナイ'	親友の頼みとあれば、断るわけにはいかない。	grammar-n1#n1-6
誠意をもって対応いたします。	セ'エイオ/モ'ッテ/タイオオ'/イタシマ'_ス	誠意をもって対応いたします。	grammar-n1#n1-2
責任者である以上、説明せずにはすまない。	セキニンシャデアル'/イ'ジョオ、セツメエ'/セズニワ'/スマ'ナイ	責任者である以上、説明せずにはすまない。	grammar-n1#n1-71
接待にかこつけて、高級料亭で食事をさせてもらった。	セ'ッタイニ/カコ_ツケ'テ、コオキュウ'/リョオテエデ'/ショクジオ'/サセテ'/モラッタ'	接待にかこつけて、高級料亭で食事をさせてもらった。	grammar-n1#n1-90
絶好の天気と相まって、イベントは大盛況だった。	ゼッコオノ'/テ'ン_キト/ア'イマッテ、イベントワ'/ダイセ'エキョオダッタ	絶好の天気と相まって、イベントは大盛況だった。	grammar-n1#n1-92
専門家たるもの、自らの言葉に責任を持たなければならない。	センモン'カタル/モノ'、ミ'ズカラノ/コトバ'ニ/セキニンオ'/モタ'ナケレバ/ナラ'ナイ	専門家たるもの、自らの言葉に責任を持たなければならない。	grammar-n1#n1-55
川に飛び込むべからず。	カワ'ニ/トビコムベカラ'ズ	川に飛び込むべからず。	grammar-n1#n1-53
戦後の復興を経て、街は新しい姿を取り戻した。	センゴノ'/フッコオオ'/ヘ'テ、マチ'ワ/アタラシ'イ/ス'ガタオ/トリモド'_シタ	戦後の復興を経て、街は新しい姿を取り戻した。	grammar-n1#n1-20
選手たちは猛暑をものともせず、試合を最後までやり抜いた。	センシュ'タチワ/モ'オショオ/モノ'トモ/セ'ズ、シアイオ'/サ'イゴマデ/ヤリヌイタ'	選手たちは猛暑をものともせず、試合を最後までやり抜いた。	grammar-n1#n1-3
想定内のことだから、驚くには当たらない。	ソオテエ'ナイノ/コト'ダカラ、オドロクニワ'/アタラナイ'	想定内のことだから、驚くには当たらない。	grammar-n1#n1-59
早めに相談すればいいものを、黙っているから問題がこじれる。	ハヤメニ'/ソオダン'/スレ'バ/イ'イ/モノ'オ、ダマ'ッテ/イル'カラ/モンダイガ'/コジレ'ル	早めに相談すればいいものを、黙っているから問題がこじれる。	grammar-n1#n1-31
多かれ少なかれ、誰もがストレスを抱えている。	オ'オカレ_スクナカレ、ダ'レモガ/_スト'レスオ/カカエテ'/イル'	多かれ少なかれ、誰もがストレスを抱えている。	grammar-n1#n1-87
代表取締役ともなれば、私生活にも世間の目が注がれる。	ダイヒョオト'リシマリヤ_クトモ/ナ'レバ、_シセ'エカツニモ/セ'ケンノ/メ'ガ/ソソガレル'	代表取締役ともなれば、私生活にも世間の目が注がれる。	grammar-n1#n1-48
台風の影響で、イベントの中止を余儀なくされた。	タイフ'ウノ/エエキョオデ'、イベントノ'/チュウシオ'/ヨギナ'_クサレタ	台風の影響で、イベントの中止を余儀なくされた。	grammar-n1#n1-72
大会で優勝せんがため、彼は毎日厳しい練習に耐えた。	タイカイデ'/ユウショオ'センガ/タメ'、カ'レワ/マ'イニ_チ/キビシ'イ/レンシュウニ'/タエ'タ	大会で優勝せんがため、彼は毎日厳しい練習に耐えた。	grammar-n1#n1-21
断りなしに、人の物を使ってはいけない。	コトワリ'/ナ'シニ、_ヒトノ'/モノ'オ/_ツカッテワ'/イケナイ'	断りなしに、人の物を使ってはいけない。	grammar-n1#n1-89
地域の花火大会ともなれば、街全体が一気にお祭りムードになる。	チ'イキノ/ハナビタ'イカイトモ/ナ'レバ、マチ'/ゼンタイガ'/イ'ッキニ/オマツリム'ウドニ/ナ'ル	地域の花火大会ともなれば、街全体が一気にお祭りムードになる。	grammar-n1#n1-48
地域の人情味と相まって、商店街の活気がさらに増している。	チ'イキノ/ニンジョ'オミト/ア'イマッテ、ショオテン'ガイノ/カッキガ'/サ'ラニ/マ_シテ'/イル'	地域の人情味と相まって、商店街の活気がさらに増している。	grammar-n1#n1-92
地元のお祭りには、地味さこそあれ、廃れる兆しはない。	ジモトノ'/オマ'ツリニワ、ジミ'サコソ/アレ'、_スタレル'/キザ_シ'/カ'ナ、ハ'、ナ'/イ'	地元のお祭りには、地味さこそあれ、廃れる兆しkana:ハ'ナい。	grammar-n1#n1-12
地図を確認すればよかったものを、結局遠回りしてしまった。	チ'ズオ/カクニン'/スレ'バ/ヨ'カッタ/モノ'オ、ケッキョク'/トオマ'ワリ/_シテ'/シマ'ッタ	地図を確認すればよかったものを、結局遠回りしてしまった。	grammar-n1#n1-31
遅かれ早かれ、人口減少は街の風景を変えてしまうだろう。	オソ'カレハヤカレ、ジンコオゲ'ンショオワ/マチ'ノ/フ'ウケエオ/カエテ'/シマウダロオ'	遅かれ早かれ、人口減少は街の風景を変えてしまうだろう。	grammar-n1#n1-87
遅刻した上に忘れ物をし、最後には上司に叱られる始末だ。	_チコク'/_シタ'/ウエニ'/ワスレモノオ'/シ'、サ'イゴニワ/ジョ'オシニ/_シカラレル'/シ'マツダ	遅刻した上に忘れ物をし、最後には上司に叱られる始末だ。	grammar-n1#n1-88
長年の交渉を経て、両社の合併が実現した。	ナガネンノ'/コオショオオ'/ヘ'テ、リョ'オシャノ/ガッペエガ'/ジツゲン'/_シタ'	長年の交渉を経て、両社の合併が実現した。	grammar-n1#n1-20
長年の努力が実を結び、代表取締役に至った。	ナガネンノ'/ド'リョクガ/ミオ'/ムスビ'、ダイヒョオト'リシマリヤクニ/イタ'ッタ	長年の努力が実を結び、代表取締役に至った。	grammar-n1#n1-18
提灯が並べられ、街が祭りめいてきた。	チョオチ'ンガ/ナラベラレ'、マチ'ガ/マツリメイテ'/キ'タ	提灯が並べられ、街が祭りめいてきた。	grammar-n1#n1-83
泥まみれになって子供と遊んだ。	ドロマ'ミレニ/ナ'ッテ/コドモト'/アソンダ'	泥まみれになって子供と遊んだ。	grammar-n1#n1-63
徹夜してまで並んで、限定スイーツを手に入れた。	テツヤ'/_シテマデ'/ナランデ'、ゲンテエスイイツオ'/テ'ニイレタ	徹夜してまで並んで、限定スイーツを手に入れた。	grammar-n1#n1-51
天候のいかんにかかわらず、イベントは予定通り開催される。	テンコオノ'/イカ'ンニ/カカワラ'ズ、イベントワ'/ヨテエド'オリ/カイサイ'/サレル'	天候のいかんにかかわらず、イベントは予定通り開催される。	grammar-n1#n1-66
電車が動かなければ、徒歩で帰るまでのことだ。	デンシャガ'/ウゴカ'ナケレバ、ト'ホデ/カ'エルマデノ/コト'ダ	電車が動かなければ、徒歩でかえるまでのことだ。	grammar-n1#n1-13
電車にせよタクシーにせよ、ラッシュ時は時間がかかる。	デンシャニ'/セ'ヨ/タ'_クシイニ/セ'ヨ、ラッシュ'ジワ/ジカンガ'/カカ'ル	電車にせよタクシーにせよ、ラッシュ時は時間がかかる。	grammar-n1#n1-29
都会の静まり返った夜にひきかえ、下町の夜は人の声が絶えない。	トカイノ'/シズマリカ'エッタ/ヨ'ルニ/_ヒキカ'エ、_シタマチノ'/ヨ'ルワ/_ヒトノ'/コ'エガ/タエ'ナイ	都会の静まり返った夜にひきかえ、下町の夜は人の声が絶えない。	grammar-n1#n1-40
東京公演を皮切りに、全国ツアーが始まった。	トオキョオコ'オエンオ/カワキリニ'、ゼンコ_クツ'アアガ/ハジマッタ'	東京公演を皮切りに、全国ツアーが始まった。	grammar-n1#n1-69
逃げようにも逃げられない状況だった。	ニゲヨオニモ'/ニゲラレ'ナイ/ジョオキョオダッタ'	逃げようにも逃げられない状況だった。	grammar-n1#n1-85
日々の努力なくして成功はあり得ない。	ヒ'ビノ/ド'リョク/ナ'ク_シテ/セエコオワ'/アリエ'ナイ	日々の努力なくして成功はあり得ない。	grammar-n1#n1-56
彼には独断で決める嫌いがある。	カ'レニワ/ドクダンデ'/キメル'/キライガ'/ア'ル	彼には独断で決める嫌いがある。	grammar-n1#n1-75
彼のあの態度は失礼極まりない。	カ'レノ/アノ'/タ'イドワ/_シツ'レエ/キワマリナ'イ	彼のあの態度は失礼極まりない。	grammar-n1#n1-34
彼の境遇を思うと、同情を禁じ得ない。	カ'レノ/キョオグウオ'/オモ'ウト、ドオジョオオ'/キンジエナイ'	彼の境遇を思うと、同情を禁じ得ない。	grammar-n1#n1-37
彼の苦労は想像に難くない。	カ'レノ/ク'ロオワ/ソオゾオニ'/カタクナ'イ	彼の苦労は想像に難くない。	grammar-n1#n1-38
彼の行動には批判こそあれ、賞賛の声はほとんど聞かれない。	カ'レノ/コオドオニワ'/ヒハンコ'ソ/アレ'、ショオサンノ'/コ'エワ/ホト'ンド/_キカレナイ'	彼の行動には批判こそあれ、賞賛の声はほとんど聞かれない。	grammar-n1#n1-12
彼は研究者にして起業家でもある。	カ'レワ/ケンキュウシャニ'/_シテ'/キギョオ'カデモ/ア'ル	彼は研究者にして起業家でもある。	grammar-n1#n1-57
彼は数学が苦手で、分数の計算に至っては小学生レベルだ。	カ'レワ/スウガクガ'/ニガテデ'、ブンス'ウノ/ケエサンニ'/イタ'ッテワ/ショオガ_クセエレ'ベルダ	彼は数学が苦手で、分数の計算に至っては小学生レベルだ。	grammar-n1#n1-1
彼は全幅の信頼を置くに足る人物だ。	カ'レワ/ゼン_プクノ'/シンライオ'/オクニ'/タル'/ジ'ンブツダ	彼は全幅の信頼を置くに足る人物だ。	grammar-n1#n1-91
彼女は泣かんばかりに、必死で頼み込んだ。	カ'ノジョワ/ナカ'ンバカリニ、ヒッシデ'/タノミコ'ンダ	彼女は泣かんばかりに、必死で頼み込んだ。	grammar-n1#n1-77
彼女は病気をものともせず、フルマラソンを完走した。	カ'ノジョワ/ビョオキオ'/モノ'トモ/セ'ズ、フルマ'ラソンオ/カンソオ'/_シタ'	彼女は病気をものともせず、フルマラソンを完走した。	grammar-n1#n1-3
被害は一地域にとどまらず、全国へと広がった。	ヒ'ガイワ/イ_チチ'イキニ/トドマラ'ズ、ゼンコク'エトヒロガッタ	被害は一地域にとどまらず、全国えと広がった。	grammar-n1#n1-80
部長ともなると、責任も重く、裁量も広くなる。	ブチョオトモ'/ナ'ルト、セキニンモ'/オモク'、サイリョオモ'/ヒロ'クナル	部長ともなると、責任も重く、裁量も広くなる。	grammar-n1#n1-47
片付けるそばから子供に散らかされる。	カタズケ'ル/ソ'バカラ/コドモニ'/チラカサレル'	片付けるそばから子供に散らかされる。	grammar-n1#n1-17
便利さに慣れると、ともすれば感謝の気持ちを忘れがちだ。	ベンリ'サニ/ナレ'ルト、ト'モスレバ/カ'ンシャノ/キモチオ'/ワスレガチダ'	便利さに慣れると、ともすれば感謝の気持ちを忘れがちだ。	grammar-n1#n1-79
便利になったとはいうものの、失われたものも少なくない。	ベ'ンリニ/ナ'ッタトワ/イウモノノ'、ウシナワレタ'/モノ'モ/_スクナ'クナイ	便利になったとはいうものの、失われたものも少なくない。	grammar-n1#n1-33
本気とも冗談ともつかない彼の口ぶりに、最初は戸惑った。	ホン_キト'モ/ジョオダ'ントモ/_ツカ'ナイ/カ'レノ/_クチブリニ'、サイショワ'/トマド'ッタ	本気とも冗談ともつかない彼の口ぶりに、最初は戸惑った。	grammar-n1#n1-50
本事業は来年3月をもって終了する予定です。	ホンジ'ギョオワ/ライネン'/サ'ンガツオ/モ'ッテ/シュウリョオ'/スル'/ヨテエデ'_ス	本事業は来年3月をもって終了する予定です。	grammar-n1#n1-2
本日をもって、受付を締め切ります。	ホ'ンジツオ/モ'ッテ、ウケ_ツケオ'/シメキリマ'_ス	本日をもって、受付を締め切ります。	grammar-n1#n1-2
満点は取れないまでも、合格点は取りたい。	マンテ'ンワ/トレ'ナイマデモ、ゴオカク'テンワ/トリタ'イ	満点は取れないまでも、合格点は取りたい。	grammar-n1#n1-10
名前すら知らない。	ナマエス'ラ/シラナイ'	名前すら知らない。	grammar-n1#n1-81
目を覚ますや否や、彼はスマホを手に取った。	メ'オ/サマ'_スヤイナヤ、カ'レワ/スマホオ'/テ'ニ/ト'ッタ	目を覚ますや否や、彼はスマホを手に取った。	grammar-n1#n1-16
目標を達成すべく、チーム全体で協力した。	モ_クヒョオオ'/タッセエ'/スベ'ク、チ'イム/ゼンタイデ'/キョオリョク'/_シタ'	目標を達成すべく、チーム全体で協力した。	grammar-n1#n1-22
問題は深刻化し、ついに訴訟に至った。	モンダイワ'/シンコ_クカ'/シ'、ツ'イニ/ソショオニ'/イタ'ッタ	問題は深刻化し、ついに訴訟に至った。	grammar-n1#n1-18
予約しようにも、席が数ヶ月先まで埋まっていて予約できない。	ヨヤ_ク'/シヨオニモ'、セ'キガ/スウカゲ_ツサキマ'デ/ウマッテ'/イテ'/ヨヤク'/デキ'ナイ	予約しようにも、席が数ヶ月先まで埋まっていて予約できない。	grammar-n1#n1-85
予約なしには、人気ラーメン店には入れない。	ヨヤク'/ナ'シニワ、ニンキラアメン'テンニワ/イレナイ'	予約なしには、人気ラーメン店には入れない。	grammar-n1#n1-89
理由のいかんによらず、遅刻は認められない。	リユウノ'/イカ'ンニ/ヨラ'ズ、_チコクワ'/ミトメラレナイ'	理由のいかんによらず、遅刻は認められない。	grammar-n1#n1-66
連休初日とあって、空港は大混雑だった。	レンキュウ'/ショニ_チト'/ア'ッテ、クウコオワ'/ダイコ'ンザツダッタ	連休初日とあって、空港は大混雑だった。	grammar-n1#n1-24
