file	sentence	kuromoji_kana	has_r_override
n4_0.json	来年、私は大学を卒業します。	らいねん、わたしはだいがくをそつぎょうします。	
n4_0.json	最近、社会のニュースを見て、政治と経済、文化や歴史についてよく考えるようになりました。	さいきん、しゃかいのにゅーすをみて、せいじとけいざい、ぶんかやれきしについてよくかんがえるようになりました。	
n4_0.json	日本の技術はすごくて、海外との貿易や産業も強い。世界中で日本の製品が使われています。	にっぽんのぎじゅつはすごくて、かいがいとのぼうえきやさんぎょうもつよい。せかいじゅうでにっぽんのせいひんがつかわれています。	
n4_0.json	将来の目的と計画について、両親と相談しました。	しょうらいのもくてきとけいかくについて、りょうしんとそうだんしました。	
n4_0.json	『どうして日本に住みたいの?』と聞かれて、その原因と理由を一つ一つ説明しました。	『どうしてにっぽんにすみたいの?』ときかれて、そのげんいんとりゆうをひとつひとつせつめいしました。	
n4_0.json	予定では、卒業後すぐに就職、まず半年は語学留学の準備をします。	よていでは、そつぎょうごすぐにしゅうしょく、まずはんとしはごがくりゅうがくのじゅんびをします。	
n4_0.json	同じ会社で経験を積みたいです。日本人との関係も大切にしたいので、連絡もこまめに取りたいと思っています。	おなじかいしゃでけいけんをつみたいです。にっぽんじんとのかんけいもたいせつにしたいので、れんらくもこまめにとりたいとおもっています。	
n4_1.json	先週、友達の結婚式に行きました。とても素敵な思い出になりました。	せんしゅう、ともだちのけっこんしきにいきました。とてもすてきなおもいでになりました。	
n4_1.json	お祝いに高級な財布を渡しました。値段は高かったですが、割引もあって助かりました。	おいわいにこうきゅうなさいふをわたしました。ねだんはたかかったですが、わりびきもあってたすかりました。	
n4_1.json	会場で友達のお父さんに挨拶して、お母さんも紹介してもらいました。	かいじょうでともだちのおとうさんにあいさつして、おかあさんもしょうかいしてもらいました。	
n4_1.json	『どんな趣味がありますか?』と聞かれて、興味は折り紙だと答えました。	『どんなしゅみがありますか?』ときかれて、きょうみはおりがみだとこたえました。	
n4_1.json	『また会いましょう』と約束して、心が温かい気分になりました。	『またあいましょう』とやくそくして、こころがあたたかいきぶんになりました。	
n4_1.json	来られなかったおばあちゃんには、お見舞いの代わりにお礼の手紙を後で送りました。	こられなかったおばあちゃんには、おみまいのかわりにおれいのてがみをあとでおくりました。	
n4_1.json	帰りに、お土産を買って、コンビニのお釣りも忘れずに。	かえりに、おみやげをかって、こんびにのおつりもわすれずに。	
n4_1.json	友達から『大きい夢がありますね』と意見をもらって、嬉しい気持ち。返事もいつも早くて、本当にいい友達です。	ともだちから『おおきいゆめがありますね』といけんをもらって、うれしいきもち。へんじもいつもはやくて、ほんとうにいいともだちです。	
n4_1.json	結婚式は日本のいい習慣の一つだなと改めて思いました。	けっこんしきはにっぽんのいいしゅうかんのひとつだなとあらためておもいました。	
n4_2.json	来年、大学を卒業します。先月、最後の試験に合格したので、研究の発表の準備をしています。	らいねん、だいがくをそつぎょうします。せんげつ、さいごのしけんにごうかくしたので、けんきゅうのはっぴょうのじゅんびをしています。	
n4_2.json	私の研究のテーマは、外国人への日本語教育について。	わたしのけんきゅうのてーまは、がいこくじんへのにほんごきょういくについて。	
n4_2.json	文法と漢字の難しさ、文章と会話の違い、翻訳の問題 — 入学した時からずっと興味がありました。	ぶんぽうとかんじのむずかしさ、ぶんしょうとかいわのちがい、ほんやくのもんだい — にゅうがくしたときからずっときょうみがありました。	
n4_2.json	会場の受付で名前を伝えて、会議室で発表します。	かいじょうのうけつけでなまえをつたえて、かいぎしつではっぴょうします。	
n4_2.json	点や成績は気になりますが、まずは自分が納得する内容を出したいです。	てんやせいせきはきになりますが、まずはじぶんがなっとくするないようをだしたいです。	
n4_2.json	先日、デパートの売り場で、教授へのお祝いの品物を買いました。	せんじつ、でぱーとのうりばで、きょうじゅへのおいわいのしなものをかいました。	
n4_2.json	明日、教授の家に届けに行きます。先生からの教育、本当に感謝しています。	あした、きょうじゅのいえにとどけにいきます。せんせいからのきょういく、ほんとうにかんしゃしています。	
n4_3.json	中学校、高校、大学、大学院 — 私の学生生活はずっと続いてきました。	ちゅうがっこう、こうこう、だいがく、だいがくいん — わたしのがくせいせいかつはずっとつづいてきました。	
n4_3.json	授業の意味、宿題の量、科目の選び方も、各学校で変わってきました。	じゅぎょうのいみ、しゅくだいのりょう、かもくのえらびかたも、かくがっこうでかわってきました。	
n4_3.json	数学、科学、地理、法律 — 高校では何でも勉強しました。	すうがく、かがく、ちり、ほうりつ — こうこうではなにでもべんきょうしました。	
n4_3.json	大学院で専門の研究を深めて、来年から就職します。	だいがくいんでせんもんのけんきゅうをふかめて、らいねんからしゅうしょくします。	
n4_3.json	最初は転職するつもりはなく、長く同じ仕事を続けたいです。	さいしょはてんしょくするつもりはなく、ながくおなじしごとをつづけたいです。	
n4_3.json	私の職業は会社員。日本ではごく普通の選択です。	わたしのしょくぎょうはかいしゃいん。にっぽんではごくふつうのせんたくです。	
n4_3.json	会社には社長、部長、課長、それぞれの係の人がいます。	かいしゃにはしゃちょう、ぶちょう、かちょう、それぞれのかかりのひとがいます。	
n4_3.json	みんなで協力して、いい職場を作りたいです。	みんなできょうりょくして、いいしょくばをつくりたいです。	
n4_4.json	私はもうすぐ結婚します。相手は会社の同僚です。	わたしはもうすぐけっこんします。あいてはかいしゃのどうりょうです。	
n4_4.json	彼にとって、私はやっと彼女になりました。	かれにとって、わたしはやっとかのじょになりました。	
n4_4.json	結婚式には、彼の上司、部下、会社のお客様、お店の客のように知らない人もたくさん来ます。	けっこんしきには、かれのじょうし、ぶか、かいしゃのおきゃくさま、おみせのきゃくのようにしらないひともたくさんきます。	
n4_4.json	彼の親 — 祖父、祖母 — そして親戚みんなで歓迎してくれました。	かれのおや — そふ、そぼ — そしてしんせきみんなでかんげいしてくれました。	
n4_4.json	私の親と彼の親は近所の住人で、隣の家。実は子供の時から知り合いでした。	わたしのおやとかれのおやはきんじょのじゅうにんで、となりのいえ。じつはこどものときからしりあいでした。	
n4_4.json	将来、息子と娘がほしいです。彼の祖父母にも『早く孫を見せて』とよく言われます。	しょうらい、むすことむすめがほしいです。かれのそふぼにも『はやくまごをみせて』とよくいわれます。	
n4_4.json	世界はどんどん国際的になっています。	せかいはどんどんこくさいてきになっています。	
n4_4.json	日本の人口は減っていますが、国際結婚は増えていくのかもしれません。	にっぽんのじんこうはへっていますが、こくさいけっこんはふえていくのかもしれません。	
n4_5.json	私は田舎で生まれて、今は都会に住んでいます。	わたしはいなかでうまれて、いまはとかいにすんでいます。	
n4_5.json	日本の国民の半分は都市部、もう半分は地方や島で暮らしています。	にっぽんのこくみんのはんぶんはとしぶ、もうはんぶんはちほうやしまでくらしています。	
n4_5.json	都会は交通が便利です。道路、交差点、信号がたくさんあります。	とかいはこうつうがべんりです。どうろ、こうさてん、しんごうがたくさんあります。	
n4_5.json	駐車場を探すのは大変ですが、いろいろな乗り物があります。	ちゅうしゃじょうをさがすのはたいへんですが、いろいろなのりものがあります。	
n4_5.json	電車、バス、タクシー、自転車、飛行機、船 — どこへでも行けます。	でんしゃ、ばす、たくしー、じてんしゃ、ひこうき、ふね — どこへでもいけます。	
n4_5.json	来週、両親が住む島まで往復の特急で帰ります。	らいしゅう、りょうしんがすむしままでおうふくのとっきゅうでかえります。	
n4_5.json	片道5時間、急行を使ったら6時間かかります。	かたみち5じかん、きゅうこうをつかったら6じかんかかります。	
n4_5.json	席は窓側を予約しました。出発も到着もちょうど良い時間です。	せきはまどがわをよやくしました。しゅっぱつもとうちゃくもちょうどよいじかんです。	
n4_6.json	春の連休、京都へ観光に行きました。	はるのれんきゅう、きょうとへかんこうにいきました。	
n4_6.json	電車の乗り換えはちょっと大変でしたが、景色がきれいで楽しかったです。	でんしゃののりかえはちょっとたいへんでしたが、けしきがきれいでたのしかったです。	
n4_6.json	最初は寺と神社をいくつか回って、古い建物と壁の絵を見ました。	さいしょはてらとじんじゃをいくつかまわって、ふるいたてものとかべのえをみました。	
n4_6.json	次は美術館、博物館、屋上の広場で少し休憩しました。	つぎはびじゅつかん、はくぶつかん、おくじょうのひろばですこしきゅうけいしました。	
n4_6.json	動物園と遊園地も、子供連れには人気のスポットです。	どうぶつえんとゆうえんちも、こどもづれにはにんきのすぽっとです。	
n4_6.json	夕方、旅館にチェックイン。事務所みたいに立派な入口、地下に温泉、階段で2階の部屋へ。	ゆうがた、りょかんにちぇっくいん。じむしょみたいにりっぱないりぐち、ちかにおんせん、かいだんで2かいのへやへ。	
n4_6.json	夜は近くの小さい工場の光が見える夜景。出口を出る前に、お土産を買いました。	よるはちかくのちいさいこうじょうのひかりがみえるやけい。でぐちをでるまえに、おみやげをかいました。	
n4_7.json	旅館の部屋は和室で、床は畳、天井も低めの伝統的な作りです。	りょかんのへやはわしつで、ゆかはたたみ、てんじょうもひくめのでんとうてきなつくりです。	
n4_7.json	押入れから布団と枕を出して、自分で寝る準備をしました。	おしいれからふとんとまくらをだして、じぶんでねるじゅんびをしました。	
n4_7.json	棚の引き出しに歯磨きとタオル、石鹸も置いてありました。	たなのひきだしにはみがきとたおる、せっけんもおいてありました。	
n4_7.json	鏡で顔を見て、軽くごみをごみ箱に捨てて、お風呂へ。	かがみでかおをみて、かるくごみをごみばこにすてて、おふろへ。	
n4_7.json	お湯はガスで沸かしますが、最近の旅館は電気のほうが多いそうです。	おゆはがすでわかしますが、さいきんのりょかんはでんきのほうがおおいそうです。	
n4_7.json	夜は冷房と暖房をエアコンで切り替えて、ちょうどいい温度に。	よるはれいぼうとだんぼうをえあこんできりかえて、ちょうどいいおんどに。	
n4_7.json	火を使わないで、安全に過ごせる現代の旅館です。	ひをつかわないで、あんぜんにすごせるげんだいのりょかんです。	
n4_8.json	子供の頃から、いろいろな道具を集めるのが好きでした。	こどものころから、いろいろなどうぐをあつめるのがすきでした。	
n4_8.json	はさみ、糊、定規、紙の道具で、絵や工作をよくしました。	はさみ、のり、じょうぎ、かみのどうぐで、えやこうさくをよくしました。	
n4_8.json	庭ではボールで遊んで、家では人形と話していました。	にわではぼーるであそんで、いえではにんぎょうとはなしていました。	
n4_8.json	お正月、お祭り、花見 — 年に何回かの行事も楽しみでした。	おしょうがつ、おまつり、はなみ — としになんかいかのぎょうじもたのしみでした。	
n4_8.json	最近は、サッカーの試合を見たり、テレビの番組をチェックしたりしています。	さいきんは、さっかーのしあいをみたり、てれびのばんぐみをちぇっくしたりしています。	
n4_8.json	小説と漫画を読む趣味もずっと続いています。	しょうせつとまんがをよむしゅみもずっとつづいています。	
n4_8.json	毎日日記をつけて、写真はアルバムにきれいに整理しています。	まいにちにっきをつけて、しゃしんはあるばむにきれいにせいりしています。	
n4_8.json	美術館の展覧会も時々見に行きます。	びじゅつかんのてんらんかいもときどきみにいきます。	
n4_8.json	音楽が大好きで、ピアノを弾いたり、楽器を集めたり、歌を歌ったり、毎日楽しいです。	おんがくがだいすきで、ぴあのをひいたり、がっきをあつめたり、うたをうたったり、まいにちたのしいです。	
n4_9.json	先週末、友達と新しい定食屋に行きました。	せんしゅうまつ、ともだちとあたらしいていしょくやにいきました。	
n4_9.json	メニューを見て、注文に迷いました。	めにゅーをみて、ちゅうもんにまよいました。	
n4_9.json	カウンターで丼の絵と写真を見て、味噌汁付きの定食を選びました。	かうんたーでどんぶりのえとしゃしんをみて、みそしるつきのていしょくをえらびました。	
n4_9.json	材料は地元の食料品店から仕入れているそうです。	ざいりょうはじもとのしょくりょうひんてんからしいれているそうです。	
n4_9.json	ご飯、漬物、味噌汁、それから小さなお菓子まで付いてきました。	ごはん、つけもの、みそしる、それからちいさなおかしまでついてきました。	
n4_9.json	醤油、砂糖、塩、酢の調味料も自由に使えます。	しょうゆ、さとう、しお、すのちょうみりょうもじゆうにつかえます。	
n4_9.json	味はもちろん最高。お弁当の持ち帰りもできました。	あじはもちろんさいこう。おべんとうのもちかえりもできました。	
n4_9.json	レジで会計して、また来週来たいと思いました。	れじでかいけいして、またらいしゅうきたいとおもいました。	
n4_10.json	最近、健康のために運動を始めました。	さいきん、けんこうのためにうんどうをはじめました。	
n4_10.json	体全体を動かして、頭から足まで意識します。	からだぜんたいをうごかして、あたまからあしまでいしきします。	
n4_10.json	顔と髪は朝洗って、背を伸ばす運動も忘れません。	かおとかみはあさあらって、せをのばすうんどうもわすれません。	
n4_10.json	指を曲げたり、腕を回したり、首を回したり、肩のストレッチも一通り。	ゆびをまげたり、うでをまわしたり、くびをまわしたり、かたのすとれっちもいちとおり。	
n4_10.json	腰と背中を伸ばして、喉と胸の呼吸を整えます。	こしとせなかをのばして、のどとむねのこきゅうをととのえます。	
n4_10.json	ジムで汗をかいて、力を入れて、深い息で集中。	じむであせをかいて、ちからをいれて、ふかいいきでしゅうちゅう。	
n4_10.json	終わった後、血の流れが良くなって、声まで元気になります。	おわったのち、ちのながれがよくなって、こえまでげんきになります。	
n4_10.json	『健康第一』 — これが最近の私のモットーです。時々、感動して涙が出ます(笑)。	『けんこうだいいち』 — これがさいきんのわたしのもっとーです。ときどき、かんどうしてなみだがでます(えみ)。	
n4_11.json	先週、ちょっとした怪我をして、傷も深かったので病院へ行きました。	せんしゅう、ちょっとしたけがをして、きずもふかかったのでびょういんへいきました。	
n4_11.json	救急車を呼ぶほどではなかったですが、心配でした。	きゅうきゅうしゃをよぶほどではなかったですが、しんぱいでした。	
n4_11.json	医者の治療を受けて、薬と注射、必要なら手術もすると説明されました。	いしゃのちりょうをうけて、くすりとちゅうしゃ、ひつようならしゅじゅつもするとせつめいされました。	
n4_11.json	結果的に、軽い風邪と熱もあって、3日間入院になりました。	けっかてきに、かるいかぜとねつもあって、3にちかんにゅういんになりました。	
n4_11.json	昨日、無事に退院しました。	きのう、ぶじにたいいんしました。	
n4_11.json	家に帰る途中、天気予報を見て驚きました。	いえにかえるとちゅう、てんきよほうをみておどろきました。	
n4_11.json	台風が近づいていて、強い風と雷、雲も真っ黒。	たいふうがちかづいていて、つよいかぜとかみなり、くももまっくろ。	
n4_11.json	沖縄では地震もあって、津波警報まで出ました。心配な日々です。	おきなわではじしんもあって、つなみけいほうまででました。しんぱいなひびです。	
n4_11.json	明日、虹が出ますように。これからは大きな病気にならないように、健康に気をつけたいです。	あした、にじがでますように。これからはおおきなびょうきにならないように、けんこうにきをつけたいです。	
n4_12.json	日曜日、家族で森と林の中を散歩しました。	にちようび、かぞくでもりとはやしのなかをさんぽしました。	
n4_12.json	夜空には星がきれいに見えて、月も大きくて、太陽が沈む直前の空は赤かったです。	よぞらにはほしがきれいにみえて、つきもおおきくて、たいようがしずむちょくぜんのそらはあかかったです。	
n4_12.json	海岸の近くにある小さな湖まで歩いて、草と葉、木の枝も触りました。	かいがんのちかくにあるちいさなみずうみまであるいて、くさとは、きのえだもさわりました。	
n4_12.json	砂と石、泥の中にはたくさんの虫がいて、動物や植物の観察も楽しかったです。	すなといし、どろのなかにはたくさんのむしがいて、どうぶつやしょくぶつのかんさつもたのしかったです。	
n4_12.json	うちのペットの犬も一緒。毛が長くて、葉っぱや羽が引っかかっていました。	うちのぺっとのいぬもいっしょ。もうがながくて、はっぱやはねがひっかかっていました。	
n4_12.json	自然って、本当にいいですね。	しぜんって、ほんとうにいいですね。	
n4_13.json	先月、海外旅行のためにパスポートとビザの申込みをしました。	せんげつ、かいがいりょこうのためにぱすぽーととびざのさるこみをしました。	
n4_13.json	市役所で住所変更の届出をした後、領事館で予約を取ってビザの手続きをしました。	しやくしょでじゅうしょへんこうのとどけでをしたのち、りょうじかんでよやくをとってびざのてつづきをしました。	
n4_13.json	金額は思ったより高くて、税金もかかります。	きんがくはおもったよりたかくて、ぜいきんもかかります。	
n4_13.json	収入と支出のバランスを考えながら、必要な書類を準備しました。	しゅうにゅうとししゅつのばらんすをかんがえながら、ひつようなしょるいをじゅんびしました。	
n4_13.json	途中、家の近くで事故と事件のニュースを聞きました。	とちゅう、いえのちかくでじことじけんのにゅーすをききました。	
n4_13.json	『犯罪が増えている』との話。先週、隣の家に泥棒が入って、警察を呼びました。	『はんざいがふえている』とのはなし。せんしゅう、となりのいえにどろぼうがはいって、けいさつをよびました。	
n4_13.json	消防署からの確認連絡もあって、ちょっと慌ただしい日々でした。	しょうぼうしょからのかくにんれんらくもあって、ちょっとあわただしいひびでした。	
n4_13.json	予約をキャンセルすることもあったので、番号と日付は何度も確認します。	よやくをきゃんせるすることもあったので、ばんごうとひづけはなんどもかくにんします。	
n4_14.json	銀行で通帳と現金を確認しました。貯金が少し増えていて、嬉しいです。	ぎんこうでかよいちょうとげんきんをかくにんしました。ちょきんがすこしふえていて、うれしいです。	
n4_14.json	カードで払う時はサイン、印鑑が必要な手続きもあります。	かーどではらうときはさいん、いんかんがひつようなてつづきもあります。	
n4_14.json	機械が壊れて、レシートが出ない日もあります。	きかいがこわれて、れしーとがでないひもあります。	
n4_14.json	お会計は小銭で払いますか、それともカードで?	おかいけいはこぜにではらいますか、それともかーどで?	
n4_14.json	無料か有料か、送料の確認も大事です。	むりょうかゆうりょうか、そうりょうのかくにんもだいじです。	
n4_14.json	経費の管理は会社のコンピューターで、ファイルとデータの整理が毎日の仕事。	けいひのかんりはかいしゃのこんぴゅーたーで、ふぁいるとでーたのせいりがまいにちのしごと。	
n4_14.json	最後に郵便局へ。封筒に切手を貼って、小包と荷物を送りました。	さいごにゆうびんきょくへ。ふうとうにきってをはって、こづつみとにもつをおくりました。	
n4_15.json	私はサラリーマンです。毎日スーツとネクタイで出勤します。	わたしはさらりーまんです。まいにちすーつとねくたいでしゅっきんします。	
n4_15.json	結婚指輪と、シンプルなアクセサリーも忘れずに。	けっこんゆびわと、しんぷるなあくせさりーもわすれずに。	
n4_15.json	シャツの柄と模様は色々ですが、ネイビーが一番好きです。	しゃつのえともようはいろいろですが、ねいびーがいちばんすきです。	
n4_15.json	会社では、書類のコピーとプリントを毎日大量にします。	かいしゃでは、しょるいのこぴーとぷりんとをまいにちたいりょうにします。	
n4_15.json	学生時代のアルバイト経験がここで活きています。	がくせいじだいのあるばいとけいけんがここでいきています。	
n4_15.json	お客様に資料を届けるのも私の仕事。先方に無事届くまで気を抜けません。	おきゃくさまにしりょうをとどけるのもわたしのしごと。せんぽうにぶじとどくまできをぬけません。	
n4_15.json	会議の決まり事は、上司に伝えて、社員にも伝わるようにします。	かいぎのきまりごとは、じょうしにつたえて、しゃいんにもつたわるようにします。	
n4_15.json	データを集める係も、社員全員が集まる定例会の運営も、私の担当です。	でーたをあつめるかかりも、しゃいんぜんいんがあつまるていれいかいのうんえいも、わたしのたんとうです。	
n4_15.json	来年は職場を変えるか、自分が変わるか、決める時期かもしれません。	らいねんはしょくばをかえるか、じぶんがかわるか、きめるじきかもしれません。	
n4_16.json	毎日、朝早く起きて、子供を起こすところから一日が始まります。	まいにち、あさはやくおきて、こどもをおこすところからいちにちがはじまります。	
n4_16.json	朝食を食べ始めると、雨が降り始めて、続けて天気の悪い日が続きます。	ちょうしょくをたべはじめると、あめがふりはじめて、つづけててんきのわるいひがつづきます。	
n4_16.json	電車に座れて、気分も上がりました。	でんしゃにすわれて、きぶんもあがりました。	
n4_16.json	会社に着いて、鞄を下げて、価格交渉では声を上げて主張します。最近、業績が下がって心配です。	かいしゃについて、かばんをさげて、かかくこうしょうではこえをあげてしゅちょうします。さいきん、ぎょうせきがさがってしんぱいです。	
n4_16.json	『あれ?資料を見つけられない』 — と思ったら、机の下で見つかりました。	『あれ?しりょうをみつけられない』 — とおもったら、つくえのしたでみつかりました。	
n4_16.json	コピー機が壊れていました。古いから、いつか倒れそうです。子供が遊んでも壊さないでね、椅子も倒さないように。	こぴーきがこわれていました。ふるいから、いつかたおれそうです。こどもがあそんでもこわさないでね、いすもたおさないように。	
n4_16.json	コーヒーを落として、シャツが汚れました。誰かが新しい服を汚す前に、急いで拭きました。	こーひーをおとして、しゃつがよごれました。だれかがあたらしいふくをけがすまえに、いそいでふきました。	
n4_16.json	夕方、続く会議。最後にデータが落ちて、もう一度起こすほど疲れました。	ゆうがた、つづくかいぎ。さいごにでーたがおちて、もういちどおこすほどつかれました。	
n4_17.json	日曜日、家の片付けの日です。	にちようび、いえのかたづけのひです。	
n4_17.json	窓を開けて、空気を入れ替えます。扇風機を動かすと、風が回って、部屋の空気もぐるっと動きました。午後はエアコンも止めて、自然の風で。	まどをあけて、くうきをいれかえます。せんぷうきをうごかすと、かぜがまわって、へやのくうきもぐるっとうごきました。ごごはえあこんもとめて、しぜんのかぜで。	
n4_17.json	ドアを閉めると、網戸も自然に閉まりました。棚の上の物を並べたら、本も背の高さ順に並びました。	どあをしめると、あみどもしぜんにしまりました。たなのうえのものをならべたら、ほんもせのたかさじゅんにならびました。	
n4_17.json	壊れたおもちゃを直すと、ちゃんと直りました。	こわれたおもちゃをなおすと、ちゃんとなおりました。	
n4_17.json	机の上を片付けて、引き出しも整理。やっと片付きました。	つくえのうえをかたづけて、ひきだしもせいり。やっとかたづきました。	
n4_17.json	タオルを元の場所に戻して、洗濯物も棚に戻ります。	たおるをもとのばしょにもどして、せんたくぶつもたなにもどります。	
n4_17.json	電気のスイッチを付けて、明かりが付くまで少し時間がかかりました。	でんきのすいっちをつけて、あかりがつくまですこしじかんがかかりました。	
n4_17.json	最後にカーテンを開いて、星を見ました。明日も止まらないで、いい一日にしたいです。	さいごにかーてんをひらいて、ほしをみました。あしたもとまらないで、いいいちにちにしたいです。	
n4_18.json	お母さんが新しい家を建てるそうです。	おかあさんがあたらしいいえをたてるそうです。	
n4_18.json	設計はもう決まって、建築が始まれば、半年で家が建つ予定です。	せっけいはもうきまって、けんちくがはじまれば、はんとしでいえがたつよていです。	
n4_18.json	最近、お母さんと一緒に料理。パンを焼いたり、ピザも上手に焼けます。	さいきん、おかあさんといっしょにりょうり。ぱんをやいたり、ぴざもじょうずにやけます。	
n4_18.json	お湯を沸かしてお茶、沸いたら少し冷やしてアイスにします。	おゆをわかしておちゃ、わいたらすこしひやしてあいすにします。	
n4_18.json	夏は冷えたジュースが美味しい。汗をかいたタオルは庭で乾かして、すぐ乾きます。	なつはひえたじゅーすがおいしい。あせをかいたたおるはにわでかわかして、すぐかわきます。	
n4_18.json	家計は工夫して、貯金を増やしながら、無駄な支出を減らしています。	かけいはくふうして、ちょきんをふやしながら、むだなししゅつをへらしています。	
n4_18.json	おかげで貯金は順調に増えて、ストレスも減りました。	おかげでちょきんはじゅんちょうにふえて、すとれすもへりました。	
n4_18.json	いつ何が起こるか分からないので、今のうちに準備を。	いつなにがおこるかわからないので、いまのうちにじゅんびを。	
n4_18.json	私はお母さんによく似ていると言われます。家事にも慣れて、夕食の時間に間に合うように作ります。	わたしはおかあさんによくにているといわれます。かじにもなれて、ゆうしょくのじかんにまにあうようにつくります。	
n4_18.json	材料が足りるか、ちょっと心配。でも、今日の新しいエプロンが似合っていました。	ざいりょうがたりるか、ちょっとしんぱい。でも、きょうのあたらしいえぷろんがにあっていました。	
n4_19.json	友達の結婚式に行きました。	ともだちのけっこんしきにいきました。	
n4_19.json	いつもは会社に通う毎日が同じパターン、でも今日は特別な日です。	いつもはかいしゃにかようまいにちがおなじぱたーん、でもきょうはとくべつなひです。	
n4_19.json	招待状が届いたので、申し込みをして、参加すると返事を送りました。	しょうたいじょうがとどいたので、もうしこみをして、さんかするとへんじをおくりました。	
n4_19.json	主役の友達は私と性格がよく合う、長年の友達です。	しゅやくのともだちはわたしとせいかくがよくあう、ながねんのともだちです。	
n4_19.json	式場に通る道では、誰が来るか分かりません。受付を通すと、もうたくさんの人。	しきじょうにとおるみちでは、だれがくるかわかりません。うけつけをとおすと、もうたくさんのひと。	
n4_19.json	新郎新婦が「おめでとう」のお祝いを受けて、プレゼントを受け取って、みんなで祝いました。	しんろうしんぷが「おめでとう」のおいわいをうけて、ぷれぜんとをうけとって、みんなでいわいました。	
n4_19.json	お父さんは涙、お母さんは喜びました。離れて暮らす友達は少し悲しんで、でもすぐ笑顔。	おとうさんはなみだ、おかあさんはよろこびました。はなれてくらすともだちはすこしかなしんで、でもすぐえがお。	
n4_19.json	新郎が『ありがとう』と言って、私たちも感謝の気持ち。	しんろうが『ありがとう』といって、わたしたちもかんしゃのきもち。	
n4_19.json	面倒な親戚もいて、断ることもありました。でも今日は許して、みんなで笑って終わり。	めんどうなしんせきもいて、ことわることもありました。でもきょうはゆるして、みんなでわらっておわり。	
n4_19.json	上司から『今日は遅刻するな』と叱られましたが、終わったら褒められて、皆で謝って驚いて、ちょっと怒って、最後はみんなで二人の幸せを祈りました。	じょうしから『きょうはちこくするな』としかられましたが、おわったらほめられて、みなであやまっておどろいて、ちょっとおこって、さいごはみんなでににんのしあわせをいのりました。	
n4_20.json	先週、転職することを家族に相談しました。	せんしゅう、てんしょくすることをかぞくにそうだんしました。	
n4_20.json	お父さんは反対、お母さんは賛成、私は迷って悩みました。	おとうさんははんたい、おかあさんはさんせい、わたしはまよってなやみました。	
n4_20.json	会社の上司に説明して、同僚にも連絡しました。	かいしゃのじょうしにせつめいして、どうりょうにもれんらくしました。	
n4_20.json	みんな心配してくれて、私も困ったけど、いい同僚を新しい会社にも紹介してもらいました。	みんなしんぱいしてくれて、わたしもこまったけど、いいどうりょうをあたらしいかいしゃにもしょうかいしてもらいました。	
n4_20.json	『新しい会社、頑張ってね』と約束して、丁寧に挨拶して、最後に準備したお土産を渡しました。	『あたらしいかいしゃ、がんばってね』とやくそくして、ていねいにあいさつして、さいごにじゅんびしたおみやげをわたしました。	
n4_20.json	面接の日、緊張で泣きそう。我慢するのは本当に大変です。	めんせつのひ、きんちょうでなきそう。がまんするのはほんとうにたいへんです。	
n4_20.json	自己紹介の練習で、注意するべきポイントを何度も練習しました。	じこしょうかいのれんしゅうで、ちゅういするべきぽいんとをなんどもれんしゅうしました。	
n4_20.json	結果は合格!とても感動しました。	けっかはごうかく!とてもかんどうしました。	
n4_20.json	お父さんも遠慮しないで喜んで、お母さんは感謝の言葉を、私もやっと安心しました。	おとうさんもえんりょしないでよろこんで、おかあさんはかんしゃのことばを、わたしもやっとあんしんしました。	
n4_21.json	来年、私はアメリカの大学に入学する予定です。	らいねん、わたしはあめりかのだいがくににゅうがくするよていです。	
n4_21.json	先月、大学を卒業して、無事に合格しました。	せんげつ、だいがくをそつぎょうして、ぶじにごうかくしました。	
n4_21.json	日本での就職も考えましたが、海外で勉強することを計画しました。	にっぽんでのしゅうしょくもかんがえましたが、かいがいでべんきょうすることをけいかくしました。	
n4_21.json	ホテルを予約して、出発の日まで準備をしています。	ほてるをよやくして、しゅっぱつのひまでじゅんびをしています。	
n4_21.json	先週、学校の送別会に出席して、欠席せず最後まで参加できました。	せんしゅう、がっこうのそうべつかいにしゅっせきして、けっせきせずさいごまでさんかできました。	
n4_21.json	お父さんが3日前に入院しましたが、昨日無事退院、みんなで安心しました。	おとうさんが3にちまえににゅういんしましたが、きのうぶじたいいん、みんなであんしんしました。	
n4_21.json	現地に到着したら、利用するサービスをまず確認します。	げんちにとうちゃくしたら、りようするさーびすをまずかくにんします。	
n4_21.json	研究の発表も計画していて、英語の翻訳の準備もしています。	けんきゅうのはっぴょうもけいかくしていて、えいごのほんやくのじゅんびもしています。	
n4_21.json	輸出と輸入の貿易にも興味があるので、就職活動の状況を上司に報告しました。	ゆしゅつとゆにゅうのぼうえきにもきょうみがあるので、しゅうしょくかつどうのじょうきょうをじょうしにほうこくしました。	
n4_22.json	先月、新しい家に引っ越しました。	せんげつ、あたらしいいえにひっこしました。	
n4_22.json	荷物を運ぶのは本当に大変。家具を拾って動かして、いらない物は捨てて、ピカピカに掃除しました。	にもつをはこぶのはほんとうにたいへん。かぐをひろってうごかして、いらないものはすてて、ぴかぴかにそうじしました。	
n4_22.json	窓を拭いて、お風呂の壁を磨いて、洗濯物を干して、シャツを畳んで、ギフトを包んで、新聞紙で縛る — 一日中作業しました。	まどをふいて、おふろのかべをみがいて、せんたくぶつをほして、しゃつをたたんで、ぎふとをつつんで、しんぶんしでしばる — いちにちちゅうさぎょうしました。	
n4_22.json	庭には花を植えて、ハーブも育てる予定です。	にわにははなをうえて、はーぶもそだてるよていです。	
n4_22.json	種をまいて、毎日水やり、しっかり育つ植物になりますように。	たねをまいて、まいにちみずやり、しっかりそだつしょくぶつになりますように。	
n4_22.json	散歩もしながら、ガーデニングを楽しみたいです。	さんぽもしながら、がーでにんぐをたのしみたいです。	
n4_22.json	友達は研究で忙しくて、料理は彼氏が作ってくれる。	ともだちはけんきゅうでいそがしくて、りょうりはかれしがつくってくれる。	
n4_22.json	冬は運動も欠かさず、洗濯する日を決めて、自転車を修理して、運動量も増やしました。	ふゆはうんどうもかかさず、せんたくするひをきめて、じてんしゃをしゅうりして、うんどうりょうもふやしました。	
n4_22.json	健康な毎日を送りたいです。	けんこうなまいにちをおくりたいです。	
n4_23.json	私は犬を飼っています。	わたしはいぬをかっています。	
n4_23.json	庭でボールを投げて、犬が口で噛んで持って帰ってきます。落とした物を踏まないように歩きます。	にわでぼーるをなげて、いぬがくちでかんでもってかえってきます。おとしたものをふまないようにあるきます。	
n4_23.json	最近、サッカーの試合をよく見ます。選手がボールを蹴って、ゴールを打つ瞬間が最高です。	さいきん、さっかーのしあいをよくみます。せんしゅがぼーるをけって、ごーるをうつしゅんかんがさいこうです。	
n4_23.json	重い物を引いたり、押したり、手を振って応援したり、ボールを握って力を入れたり。	おもいものをひいたり、おしたり、てをふっておうえんしたり、ぼーるをにぎってちからをいれたり。	
n4_23.json	赤ちゃんを抱いて、ドアを叩くお客さんに反応する犬。リードを掴んで一緒に散歩へ。	あかちゃんをだいて、どあをたたくおきゃくさんにはんのうするいぬ。りーどをつかんでいっしょにさんぽへ。	
n4_23.json	ハーブの葉に触ると、いい香り。風が吹いて、お茶を吸って一服、深呼吸。	はーぶのはにさわると、いいかおり。かぜがふいて、おちゃをすっていっぷく、しんこきゅう。	
n4_23.json	数えると、今日来たお客さんは10人以上。	かぞえると、きょうきたおきゃくさんは10にんいじょう。	
n4_23.json	ニュースを調べて、他のお店と比べて、いいサービスを試してみたいです。	にゅーすをしらべて、たのおみせとくらべて、いいさーびすをためしてみたいです。	
n4_24.json	先週、サッカーの大会に参加しました。	せんしゅう、さっかーのたいかいにさんかしました。	
n4_24.json	努力して、毎日頑張って練習した結果です。	どりょくして、まいにちがんばってれんしゅうしたけっかです。	
n4_24.json	ルールを確かめて、相手を探して、戦う相手を選びました。	るーるをたしかめて、あいてをさがして、たたかうあいてをえらびました。	
n4_24.json	試合中、相手を追いかけて、ボールを捕まえようとしましたが、相手選手が逃げました。最後にゴール前で捕まりました。	しあいちゅう、あいてをおいかけて、ぼーるをつかまえようとしましたが、あいてせんしゅがにげました。さいごにごーるまえでつかまりました。	
n4_24.json	私は守りに専念。激しい競争でした。	わたしはもりにせんねん。はげしいきょうそうでした。	
n4_24.json	最後、勝つことができました!負けたチームも諦めずに頑張りました。	さいご、かつことができました!まけたちーむもあきらめずにがんばりました。	
n4_24.json	気がつくと、観客が静かになっていました。	きがつくと、かんきゃくがしずかになっていました。	
n4_24.json	友達が泥棒を捕まえたニュースを思い出しました。あの時、忘れた財布も後で見つけてくれたんです。	ともだちがどろぼうをつかまえたにゅーすをおもいだしました。あのとき、わすれたさいふもあとでみつけてくれたんです。	
n4_24.json	審判の判定を信じて、相手を疑わないこと。これがスポーツマンシップだと思います。	しんぱんのはんていをしんじて、あいてをうたがわないこと。これがすぽーつまんしっぷだとおもいます。	
n4_25.json	日本の高級レストランで働いている友達の話を聞きました。	にっぽんのこうきゅうれすとらんではたらいているともだちのはなしをききました。	
n4_25.json	『お客様はいつもこう考えていらっしゃるんです』と友達。	『おきゃくさまはいつもこうかんがえていらっしゃるんです』とともだち。	
n4_25.json	『うちの店をどう思いますか?』と尋ねるお客様もいて、『美味しいと感じます』と答えるそうです。	『うちのみせをどうおもいますか?』とたずねるおきゃくさまもいて、『おいしいとかんじます』とこたえるそうです。	
n4_25.json	料理が見えて、匂う瞬間がたまらない、とお客様はおっしゃいます。	りょうりがみえて、におうしゅんかんがたまらない、とおきゃくさまはおっしゃいます。	
n4_25.json	『どうぞお召し上がりください』と店員が言うと、お客様は『いただきます』と。	『どうぞおめしあがりください』とてんいんがいうと、おきゃくさまは『いただきます』と。	
n4_25.json	店員さんは常に話し合い、お客様の好みを覚えて、奥の席の声も聞こえる中、丁寧に対応します。	てんいんさんはつねにはなしあい、おきゃくさまのこのみをおぼえて、おくのせきのこえもきこえるなか、ていねいにたいおうします。	
n4_25.json	『私が申しますに、これが本日のおすすめです』と、参るお客様にも紹介。	『わたしがもうしますに、これがほんじつのおすすめです』と、まいるおきゃくさまにもしょうかい。	
n4_25.json	『お客様の細かいことまで気にして構う、これがいいサービス』と店長は言います。	『おきゃくさまのこまかいことまできにしてかまう、これがいいさーびす』とてんちょうはいいます。	
n4_25.json	私もそのお店を訪ねたいですが、まだ知らない店も多いです。	わたしもそのおみせをたずねたいですが、まだしらないみせもおおいです。	
n4_25.json	全てのお客様に静かに丁寧に答えるのが、いい接客だと理解しました。	すべてのおきゃくさまにしずかにていねいにこたえるのが、いいせっきゃくだとりかいしました。	
n4_26.json	先日、お客様を招待して、京都の美しい街を案内しました。	せんじつ、おきゃくさまをしょうたいして、きょうとのうつくしいまちをあんないしました。	
n4_26.json	『今日はどちらに行きましょうか』と頼んだら、『お任せします』とお客様。	『きょうはどちらにいきましょうか』とたのんだら、『おまかせします』とおきゃくさま。	
n4_26.json	茶屋に案内、抹茶をいただいて、お菓子も差し上げました。	ちゃやにあんない、まっちゃをいただいて、おかしもさしあげました。	
n4_26.json	『どうぞご覧になってください』と、店内のディスプレイを紹介。	『どうぞごらんになってください』と、てんないのでぃすぷれいをしょうかい。	
n4_26.json	『これは何でしょうか』と尋ねたお客様に、『よくは存じませんが、職人の手仕事です』と答えました。	『これはなにでしょうか』とたずねたおきゃくさまに、『よくはぞんじませんが、しょくにんのてしごとです』とこたえました。	
n4_26.json	成功を願うという意味の珍しいお守りも差し上げました。	せいこうをねがうといういみのめずらしいおまもりもさしあげました。	
n4_26.json	お客様を友達にも誘って、夜は居酒屋に招待しました。	おきゃくさまをともだちにもさそって、よるはいざかやにしょうたいしました。	
n4_26.json	街には汚いところもありますが、夜景は美しい。激しい雨にも負けない京都の風情。	まちにはきたないところもありますが、やけいはうつくしい。はげしいあめにもまけないきょうとのふぜい。	
n4_26.json	ガイドさんは厳しいけれど優しい。正しい説明、詳しい解説で、聞いている私は恥ずかしくなるほど勉強になりました。	がいどさんはきびしいけれどやさしい。ただしいせつめい、くわしいかいせつで、きいているわたしははずかしくなるほどべんきょうになりました。	
n4_26.json	別れの時は悔しい気持ち。『また日本に来てください、私が案内致します』と挨拶しました。	わかれのときはくやしいきもち。『またにっぽんにきてください、わたしがあんないいたします』とあいさつしました。	
n4_27.json	お祖母さんが亡くなって、寂しい気持ちになりました。	おばあさんがなくなって、さびしいきもちになりました。	
n4_27.json	でも、家族みんなで集まった時間は嬉しくて、楽しいものでした。	でも、かぞくみんなであつまったじかんはうれしくて、たのしいものでした。	
n4_27.json	お祖母さんの料理が懐かしいです。柔らかいかぼちゃの煮物、苦い緑茶、酸っぱい梅干し、しょっぱい味噌汁、ちょっと硬い漬物。	おばあさんのりょうりがなつかしいです。やわらかいかぼちゃのにもの、にがいりょくちゃ、すっぱいうめぼし、しょっぱいみそしる、ちょっとかたいつけもの。	
n4_27.json	最後の入院は本当に辛くて、悲しいし、苦しい時間でした。	さいごのにゅういんはほんとうにつらくて、かなしいし、くるしいじかんでした。	
n4_27.json	恐ろしい病気でしたが、最後まで戦った素晴らしい人生でした。	おそろしいびょうきでしたが、さいごまでたたかったすばらしいじんせいでした。	
n4_27.json	親しい人を失うのは辛い。でも、思い出だけは等しく残ります。	したしいひとをうしなうのはつらい。でも、おもいでだけはひとしくのこります。	
n4_27.json	夜は眠いのに、なかなか寝られない。穏やかに眠っているお祖母さんが羨ましいくらいです。	よるはねむいのに、なかなかねられない。おだやかにねむっているおばあさんがうらやましいくらいです。	
n4_27.json	ストレスで皮膚が痒くなって、頭も痛いです。	すとれすでひふがかゆくなって、あたまもいたいです。	
n4_28.json	私の友達は明るい性格で、可愛い顔、格好いい服装、本当に偉い人です。	わたしのともだちはあかるいせいかくで、かわいいかお、かっこういいふくそう、ほんとうにえらいひとです。	
n4_28.json	彼は凄い才能を持っていて、絵がとても上手です。	かれはすごいさいのうをもっていて、えがとてもじょうずです。	
n4_28.json	彼の絵は、太い線と細い線、丸い形と平たい形を上手く使います。	かれのえは、ふといせんとほそいせん、まるいかたちとひらたいかたちをうまくつかいます。	
n4_28.json	色も、濃いブルーと薄いピンク、鋭い赤と鈍い緑が並びます。	いろも、こいぶるーとうすいぴんく、するどいあかとにぶいみどりがならびます。	
n4_28.json	夜の暗い場所と昼間の明るい場所、深い森と浅い川の風景画が好きです。	よるのくらいばしょとひるまのあかるいばしょ、ふかいもりとあさいかわのふうけいががすきです。	
n4_28.json	私はだらしないところがあって、情けない時もあります。	わたしはだらしないところがあって、なさけないときもあります。	
n4_28.json	『仕方がない』と諦めるけど、勿体ない時間も多いです。	『しかたがない』とあきらめるけど、もったいないじかんもおおいです。	
n4_29.json	私の弟はうるさくて、煩いタイプの子供です。	わたしのおとうとはうるさくて、うるさいたいぷのこどもです。	
n4_29.json	ちょっと恐い時もあるけれど、臭い靴下を放置するのは本当に困ります。	ちょっとこわいときもあるけれど、くさいくつしたをほうちするのはほんとうにこまります。	
n4_29.json	最近、私は体がだるい日が多くて、運動不足だと自覚しています。	さいきん、わたしはからだがだるいひがおおくて、うんどうふそくだとじかくしています。	
n4_29.json	弟は丁寧で、親切な部分もあって、勉強に熱心、何事も真剣に取り組むタイプ。	おとうとはていねいで、しんせつなぶぶんもあって、べんきょうにねっしん、なにごともしんけんにとりくむたいぷ。	
n4_29.json	素直で正直、信頼できる弟だけど、不器用なところもあります。	すなおでしょうじき、しんらいできるおとうとだけど、ぶきようなところもあります。	
n4_29.json	彼の友達には乱暴で意地悪、勝手にわがままを言う子もいて、ちょっと心配です。	かれのともだちにはらんぼうでいじわる、かってにわがままをいうこもいて、ちょっとしんぱいです。	
n4_29.json	弟自身は派手じゃなくて、地味な服装を選びますが、料理は器用に作ります。	おとうとじしんははでじゃなくて、じみなふくそうをえらびますが、りょうりはきようにつくります。	
n4_29.json	贅沢はしないけれど、自分の生活には満足しているそうです。	ぜいたくはしないけれど、じぶんのせいかつにはまんぞくしているそうです。	
n4_30.json	公園の景色は素敵で、立派な木が並んでいて、見事な紅葉でした。	こうえんのけしきはすてきで、りっぱなきがならんでいて、みごとなこうようでした。	
n4_30.json	秋は盛んな季節で、自然の色が複雑です。簡単な散歩でも楽しいです。	あきはさかんなきせつで、しぜんのいろがふくざつです。かんたんなさんぽでもたのしいです。	
n4_30.json	私の写真は適当で、正確に撮るのは苦手。でも、確か今日撮ったのは、明らかにきれいに撮れました。	わたしのしゃしんはてきとうで、せいかくにとるのはにがて。でも、たしかきょうとったのは、あきらかにきれいにとれました。	
n4_30.json	豊かな自然、穏やかな風、爽やかな空気。	ゆたかなしぜん、おだやかなかぜ、さわやかなくうき。	
n4_30.json	急に雨が降って、傘がない。これは特別じゃなくて普通のこと、当然と言えば当然です。	きゅうにあめがふって、かさがない。これはとくべつじゃなくてふつうのこと、とうぜんといえばとうぜんです。	
n4_30.json	準備が十分なら大丈夫、でも今日は不十分で困りました。	じゅんびがじゅうぶんならだいじょうぶ、でもきょうはふじゅうぶんでこまりました。	
n4_31.json	日本語の勉強は本当に大事で、毎日少しずつ必要です。	にほんごのべんきょうはほんとうにだいじで、まいにちすこしずつひつようです。	
n4_31.json	不要な単語はあまりないと思いますが、大切な単語とそれほどでもない単語の区別はあります。	ふようなたんごはあまりないとおもいますが、たいせつなたんごとそれほどでもないたんごのくべつはあります。	
n4_31.json	『駄目だ』と諦めずに頑張ること。	『だめだ』とあきらめずにがんばること。	
n4_31.json	先生は『毎日勉強できる人は不思議だね』と笑いました。	せんせいは『まいにちべんきょうできるひとはふしぎだね』とわらいました。	
n4_31.json	勉強が進む時、私は幸福を感じます。満足な気持ちで眠れます。	べんきょうがすすむとき、わたしはこうふくをかんじます。まんぞくなきもちでねむれます。	
n4_31.json	でも、覚えた単語を忘れた時は不満。退屈ではないけど、難しい。	でも、おぼえたたんごをわすれたときはふまん。たいくつではないけど、むずかしい。	
n4_31.json	友達は日本語が得意、私は苦手。ピアノは私が上手で、彼女は下手。	ともだちはにほんごがとくい、わたしはにがて。ぴあのはわたしがじょうずで、かのじょはへた。	
n4_31.json	『楽な趣味だね』と無事に練習を終えました。	『らくなしゅみだね』とぶじにれんしゅうをおえました。	
n4_31.json	最近、日本のドラマに夢中になっていて、新鮮な気持ちで有名な歌も歌ったりします。	さいきん、にっぽんのどらまにむちゅうになっていて、しんせんなきもちでゆうめいなうたもうたったりします。	
n4_31.json	邪魔をしないで、応援してくれる家族に感謝しています。	じゃまをしないで、おうえんしてくれるかぞくにかんしゃしています。	
n4_32.json	日本語の勉強は特に大変だと思います。	にほんごのべんきょうはとくにたいへんだとおもいます。	
n4_32.json	先生は『必ず合格できる』と言いますが、絶対というものはないと思います。	せんせいは『かならずごうかくできる』といいますが、ぜったいというものはないとおもいます。	
n4_32.json	決して諦めません。最初は全然分かりませんでした。	けっしてあきらめません。さいしょはぜんぜんわかりませんでした。	
n4_32.json	全くダメな日もあって、少しも進まない時もあります。	まったくだめなひもあって、すこしもすすまないときもあります。	
n4_32.json	でも、ほとんどの単語は覚えられました。	でも、ほとんどのたんごはおぼえられました。	
n4_32.json	かなり頑張って、ずいぶん上達しました。	かなりがんばって、ずいぶんじょうたつしました。	
n4_32.json	なかなかいい感じです。すっかり日本語に慣れて、やっとここまで来ました。	なかなかいいかんじです。すっかりにほんごになれて、やっとここまできました。	
n4_32.json	とうとう試験まで残り1ヶ月、やがて結果も出ます。	とうとうしけんまでのこり1かげつ、やがてけっかもでます。	
n4_32.json	そろそろ最後の追い込み、いよいよ本番です。	そろそろさいごのおいこみ、いよいよほんばんです。	
n4_32.json	さっき問題集を解いて、たった今、答えを確認しました。	さっきもんだいしゅうをといて、たったいま、こたえをかくにんしました。	
n4_32.json	先ほど、先生からも『よく頑張ったね』と褒められました。	さきほど、せんせいからも『よくがんばったね』とほめられました。	
n4_33.json	最近、突然眠くなる日が多いです。	さいきん、とつぜんねむくなるひがおおいです。	
n4_33.json	急に体が休みたくなる時は、無理しないで休みます。	きゅうにからだがやすみたくなるときは、むりしないでやすみます。	
n4_33.json	ジムにはたまにしか行けませんが、運動は時々するようにしています。	じむにはたまにしかいけませんが、うんどうはときどきするようにしています。	
n4_33.json	しばらく仕事を休んだので、最初はしょっちゅう寝ていました。	しばらくしごとをやすんだので、さいしょはしょっちゅうねていました。	
n4_33.json	『いつも元気だね』と言われる私も、相変わらず疲れる時はあります。	『いつもげんきだね』といわれるわたしも、あいかわらずつかれるときはあります。	
n4_33.json	直接話すよりも、間接的にメッセージで伝える方が楽な時もあります。	ちょくせつはなすよりも、かんせつてきにめっせーじでつたえるほうがらくなときもあります。	
n4_33.json	自由に休んで、自然に体を動かすのが一番です。	じゆうにやすんで、しぜんにからだをうごかすのがいちばんです。	
n4_33.json	先生は正式に発表する前に、実際に確かに自分でやってみる、と言いました。	せんせいはせいしきにはっぴょうするまえに、じっさいにたしかにじぶんでやってみる、といいました。	
n4_33.json	正確に、丁寧に、大体の流れを覚えて、本番に挑みます。	せいかくに、ていねいに、だいたいのながれをおぼえて、ほんばんにいどみます。	
n4_33.json	だいぶ準備できました。多少不安はあるけど、頑張ります。	だいぶじゅんびできました。たしょうふあんはあるけど、がんばります。	
n4_34.json	夏休み、家でのんびり過ごしています。	なつやすみ、いえでのんびりすごしています。	
n4_34.json	庭の花は段々と咲いて、ますます綺麗です。植物がぐんぐん育つ夏。	にわのはなはだんだんとさいて、ますますきれいです。しょくぶつがぐんぐんそだつなつ。	
n4_34.json	子供たちは次々と新しい遊びを見つけて、どんどん成長します。	こどもたちはつぎつぎとあたらしいあそびをみつけて、どんどんせいちょうします。	
n4_34.json	私もゆっくり、はっきりと目標を立てて、毎日少々の進歩を重ねます。	わたしもゆっくり、はっきりともくひょうをたてて、まいにちしょうしょうのしんぽをかさねます。	
n4_34.json	うっかり寝坊することもあるけれど、ちゃんと予定をきちんと整理。	うっかりねぼうすることもあるけれど、ちゃんとよていをきちんとせいり。	
n4_34.json	しっかり休んで、ぐっすり眠れば、翌朝はぴったりの時間に起きられます。	しっかりやすんで、ぐっすりねむれば、よくあさはぴったりのじかんにおきられます。	
n4_34.json	日本語は最近ぺらぺらとまではいかないけれど、毎日続けます。	にほんごはさいきんぺらぺらとまではいかないけれど、まいにちつづけます。	
n4_34.json	ぼんやりとした夢ですが、ぎりぎりでも頑張ります。	ぼんやりとしたゆめですが、ぎりぎりでもがんばります。	
n4_34.json	友達がわざわざ会いに来てくれて、嬉しい。彼女の妹は私にそっくりです。	ともだちがわざわざあいにきてくれて、うれしい。かのじょのいもうとはわたしにそっくりです。	
n4_35.json	『わざとじゃないけど、せっかくの旅行が雨で台無し』と友達。	『わざとじゃないけど、せっかくのりょこうがあめでだいなし』とともだち。	
n4_35.json	『もし晴れていたら、たとえ寒くても、行けたのに』。	『もしはれていたら、たとえさむくても、いけたのに』。	
n4_35.json	『まさか、こんな天気になるなんて。一体どうして?』。	『まさか、こんなてんきになるなんて。いったいどうして?』。	
n4_35.json	果たして、天気予報は当たって、やはり雨でした。	はたして、てんきよほうはあたって、やはりあめでした。	
n4_35.json	『さすが、予報は正確。まるで魔法みたい』。	『さすが、よほうはせいかく。まるでまほうみたい』。	
n4_35.json	『それに、明日も雨。それで、家でゆっくりする予定』。	『それに、あしたもあめ。それで、いえでゆっくりするよてい』。	
n4_35.json	『それでは、それなら明日も外出しません。それとも、屋内のスポーツでも?』。	『それでは、それならあしたもがいしゅつしません。それとも、おくないのすぽーつでも?』。	
n4_35.json	『ところが、ジムも休館。ところで、最近何してる?しかし、退屈は嫌い』。	『ところが、じむもきゅうかん。ところで、さいきんなにしてる?しかし、たいくつはきらい』。	
n4_35.json	『けれども、家でやることはたくさんある。ただし、無理しないように』と決めました。	『けれども、いえでやることはたくさんある。ただし、むりしないように』ときめました。	
n4_36.json	日本語の試験について、すなわち、文法と単語の準備が中心です。	にほんごのしけんについて、すなわち、ぶんぽうとたんごのじゅんびがちゅうしんです。	
n4_36.json	なぜなら、それが基礎だから。したがって、毎日続けることが大事。	なぜなら、それがきそだから。したがって、まいにちつづけることがだいじ。	
n4_36.json	そのため、計画表を作りました。そのうえ、宿題もあります。	そのため、けいかくひょうをつくりました。そのうえ、しゅくだいもあります。	
n4_36.json	そのうち、結果が出ます。その他にも、面接の準備も必要です。	そのうち、けっかがでます。そのたにも、めんせつのじゅんびもひつようです。	
n4_36.json	『さて、何から始めよう?』	『さて、なにからはじめよう?』	
n4_36.json	すると、先生からアドバイス。すぐに、まず基本から始めましょうと。	すると、せんせいからあどばいす。すぐに、まずきほんからはじめましょうと。	
n4_36.json	次に、応用問題。最後に、過去問の練習。	つぎに、おうようもんだい。さいごに、かこといのれんしゅう。	
n4_36.json	一方、休みも大事。反面、勉強しすぎは禁物。	いっぽう、やすみもだいじ。はんめん、べんきょうしすぎはきんもつ。	
n4_36.json	漢字または平仮名、あるいは片仮名、及びカタカナ語、すべて出題されます。	かんじまたはひらがな、あるいはかたかな、およびかたかなご、すべてしゅつだいされます。	
n4_36.json	なお、本番では落ち着いて。ちなみに、私の苦手は文法です。	なお、ほんばんではおちついて。ちなみに、わたしのにがてはぶんぽうです。	
n4_37.json	『じゃ、では、また明日』と友達と別れます。	『じゃ、では、またあした』とともだちとわかれます。	
n4_37.json	『お先に失礼します』と会社を出る前に挨拶。	『おさきにしつれいします』とかいしゃをでるまえにあいさつ。	
n4_37.json	残っている同僚に『お疲れ様!ご苦労様でした』と一言。	のこっているどうりょうに『おつかれさま!ごくろうさまでした』といちげん。	
n4_37.json	お客様の家を出る時には『お邪魔しました』。	おきゃくさまのいえをでるときには『おじゃましました』。	
n4_37.json	先輩との食事の後は『ご馳走様でした』。	せんぱいとのしょくじののちは『ごちそうさまでした』。	
n4_37.json	『よろしくお願いします』、新しい職場で初めての挨拶。	『よろしくおねがいします』、あたらしいしょくばではじめてのあいさつ。	
n4_37.json	上司に『お陰様で順調に進んでいます』と報告しました。	じょうしに『おかげさまでじゅんちょうにすすんでいます』とほうこくしました。	
n5_0.json	私の名前は田中です。	わたしのなまえはたなかです。	
n5_0.json	家族は四人です。お父さん、お母さん、お兄さん、僕です。	かぞくはよんにんです。おとうさん、おかあさん、おにいさん、ぼくです。	
n5_0.json	僕は男の子で、学校に友達がたくさんいます。	ぼくはおとこのこで、がっこうにともだちがたくさんいます。	
n5_0.json	クラスの男の子も女の子も、皆さん優しい人ばかりです。	くらすのおとこのこもおんなのこも、みなさんやさしいひとばかりです。	
n5_0.json	隣の家に彼と彼女が住んでいます。	となりのいえにかれとかのじょがすんでいます。	
n5_0.json	彼は大人の男の人、彼女は女の人で、子供もいます。	かれはおとなのおとこのひと、かのじょはおんなのひとで、こどももいます。	
n5_0.json	あなたの家族には、優しい方がいますか?	あなたのかぞくには、やさしいほうがいますか?	Y
n5_1.json	私は大学の学生です。今日は家族みんなが家に集まりました。	わたしはだいがくのがくせいです。きょうはかぞくみんながいえにあつまりました。	
n5_1.json	お姉さんは医者で、いつも忙しそうですが、今日は早く帰ってきました。	おねえさんはいしゃで、いつもいそがしそうですが、きょうははやくかえってきました。	
n5_1.json	両親は二人とも会社員。お父さんは銀行員、お母さんは小学校の先生です。	りょうしんはににんともかいしゃいん。おとうさんはぎんこういん、おかあさんはしょうがっこうのせんせいです。	
n5_1.json	弟と妹は中学生で、兄弟みんなでゲームをしています。	おとうとといもうとはちゅうがくせいで、きょうだいみんなでげーむをしています。	
n5_1.json	お祖父さんとお祖母さんも京都から来てくれて、お祖母さんが作ったお寿司を食べました。	おじいさんとおばあさんもきょうとからきてくれて、おばあさんがつくったおすしをたべました。	
n5_1.json	おじさんは警官、おばさんも会社員で、二人ともよく働いています。	おじさんはけいかん、おばさんもかいしゃいんで、ににんともよくはたらいています。	
n5_1.json	隣に住んでいる留学生の家族も来ました。ご主人と奥さん、それから息子と娘、みんな日本語が上手です。	となりにすんでいるりゅうがくせいのかぞくもきました。ごしゅじんとおくさん、それからむすことむすめ、みんなにほんごがじょうずです。	
n5_2.json	私は毎日忙しいです。	わたしはまいにちいそがしいです。	
n5_2.json	今朝、コンビニで店員の仕事をしました。今日は午前7時から午後3時までです。	けさ、こんびにでてんいんのしごとをしました。きょうはごぜん7じからごご3じまでです。	
n5_2.json	昨日は夜遅くまで勉強しました。今晩は早く寝たいです。	きのうはよるおそくまでべんきょうしました。こんばんははやくねたいです。	
n5_2.json	毎週、月曜日と水曜日の朝、図書館へ行きます。	まいしゅう、げつようびとすいようびのあさ、としょかんへいきます。	
n5_2.json	毎朝6時に起きて、昼はお弁当を食べます。	まいあさ6じにおきて、ひるはおべんとうをたべます。	
n5_2.json	夕方、家族と晩ごはんを食べます。	ゆうがた、かぞくとばんごはんをたべます。	
n5_2.json	夜は明日のことを考えます。毎晩、日記を書いてから寝ます。	よるはあしたのことをかんがえます。まいばん、にっきをかいてからねます。	
n5_2.json	毎月一回、おじさんに会いに行きます。今、自分の時間がもっと欲しいです。	まいつきいちかい、おじさんにあいにいきます。いま、じぶんのじかんがもっとほしいです。	
n5_3.json	今週は本当に忙しいです。月曜日と火曜日は試験、水曜日はクラブがあります。	こんしゅうはほんとうにいそがしいです。げつようびとかようびはしけん、すいようびはくらぶがあります。	
n5_3.json	木曜日と金曜日も学校で宿題が出ます。	もくようびときんようびもがっこうでしゅくだいがでます。	
n5_3.json	先週はもっと忙しくて、一昨日は夜遅くまで勉強しました。今年は本当に大変な年です。	せんしゅうはもっといそがしくて、おとといはよるおそくまでべんきょうしました。ことしはほんとうにたいへんなとしです。	
n5_3.json	来週はやっと休みです。土曜日と日曜日、たくさん寝たいです。	らいしゅうはやっとやすみです。どようびとにちようび、たくさんねたいです。	
n5_3.json	今月で20歳になります。誕生日は明後日の日曜日。来月から新しいクラブを始めます。	こんげつで20さいになります。たんじょうびはみょうごにちのにちようび。らいげつからあたらしいくらぶをはじめます。	
n5_3.json	先月、家族みんなで温泉に行きました。毎年これをやっています。	せんげつ、かぞくみんなでおんせんにいきました。まいとしこれをやっています。	
n5_3.json	去年も同じ温泉でした。来年も再来年も家族と一緒に行きたいです。	きょねんもおなじおんせんでした。らいねんもさらいねんもかぞくといっしょにいきたいです。	
n5_4.json	私のうちは静かな所にあります。	わたしのうちはしずかなところにあります。	
n5_4.json	家には部屋が四つあって、玄関も広いです。	いえにはへやがよっつあって、げんかんもひろいです。	
n5_4.json	お母さんは台所が大好きで、いつも料理をしています。	おかあさんはだいどころがだいすきで、いつもりょうりをしています。	
n5_4.json	一月、お正月は家族みんなで集まります。	いちがつ、おしょうがつはかぞくみんなであつまります。	
n5_4.json	二月、三月は寒いので、家でゆっくり過ごします。	にがつ、さんがつはさむいので、いえでゆっくりすごします。	
n5_4.json	四月、五月、六月は花の季節です。	しがつ、ごがつ、ろくがつははなのきせつです。	
n5_4.json	七月、八月は暑くて、土曜日と日曜日は海に行きます。	しちがつ、はちがつはあつくて、どようびとにちようびはうみにいきます。	
n5_4.json	九月、十月、十一月は紅葉が綺麗です。	くがつ、じゅうがつ、じゅういちがつはこうようがきれいです。	
n5_4.json	十二月は誕生日があるので、毎年家族で祝います。	じゅうにがつはたんじょうびがあるので、まいとしかぞくでいわいます。	
n5_5.json	月曜から金曜は大学の教室で勉強、お昼は食堂、午後は図書館で本を読みます。	げつようからきんようはだいがくのきょうしつでべんきょう、おひるはしょくどう、ごごはとしょかんでほんをよみます。	
n5_5.json	土曜日は学校が休みだから、お手伝いの日です。	どようびはがっこうがやすみだから、おてつだいのひです。	
n5_5.json	まず銀行でお金をもらって、郵便局でお父さんの会社の郵便を出しました。	まずぎんこうでおかねをもらって、ゆうびんきょくでおとうさんのかいしゃのゆうびんをだしました。	
n5_5.json	お母さんとデパートとスーパーで買い物をして、駅前の店で本を買って、喫茶店でケーキを食べました。	おかあさんとでぱーととすーぱーでかいものをして、えきまえのみせでほんをかって、きっさてんでけーきをたべました。	
n5_5.json	夜はレストランで家族みんなでご飯。	よるはれすとらんでかぞくみんなでごはん。	
n5_5.json	家に帰って、お手洗いに行ってから、お風呂に入ってすぐ寝ました。	いえにかえって、おてあらいにいってから、おふろにはいってすぐねました。	
n5_5.json	日曜日は朝、映画館で映画を見て、公園を散歩しました。	にちようびはあさ、えいがかんでえいがをみて、こうえんをさんぽしました。	
n5_5.json	病院にいるおじいさんを見に行きました。	びょういんにいるおじいさんをみにいきました。	
n5_5.json	夜はホテルでパーティー。庭がとても綺麗でした。	よるはほてるでぱーてぃー。にわがとてもきれいでした。	
n5_6.json	先月、初めて外国に行きました。	せんげつ、はじめてがいこくにいきました。	
n5_6.json	朝、家を出て、駅から電車で空港まで行きました。	あさ、いえをでて、えきからでんしゃでくうこうまでいきました。	
n5_6.json	空港の入口でパスポートをチェックして、出口でタクシーに乗りました。	くうこうのいりぐちでぱすぽーとをちぇっくして、でぐちでたくしーにのりました。	
n5_6.json	ホテルは町の中心にあって、橋を渡ってまっすぐな道を進み、交差点の信号を右に曲がった所です。	ほてるはまちのちゅうしんにあって、はしをわたってまっすぐなみちをすすみ、こうさてんのしんごうをみぎにまがったところです。	
n5_6.json	ホテルにはプールがあって、エレベーターを使うか階段で上に行きます。	ほてるにはぷーるがあって、えれべーたーをつかうかかいだんでうえにいきます。	
n5_6.json	私の部屋は5階で、門の前に大きな木があります。	わたしのへやは5かいで、もんのまえにおおきなきがあります。	
n5_6.json	下の階にレストランがあって、毎晩家族でご飯を食べました。	したのかいにれすとらんがあって、まいばんかぞくでごはんをたべました。	
n5_6.json	その国は私の国とぜんぜん違って、町もきれいでした。	そのくにはわたしのくにとぜんぜんちがって、まちもきれいでした。	
n5_6.json	夜はホテルの後ろの公園を散歩して、いい思い出になりました。	よるはほてるのうしろのこうえんをさんぽして、いいおもいでになりました。	
n5_7.json	私の町は大きな町です。家の中も外も、いろいろな所があります。	わたしのまちはおおきなまちです。いえのなかもそとも、いろいろなところがあります。	
n5_7.json	家の隣はコンビニ、家の横は小さな公園、コンビニと公園の間に小さな店があります。	いえのとなりはこんびに、いえのよこはちいさなこうえん、こんびにとこうえんのまにちいさなみせがあります。	
n5_7.json	家の左には花屋、向こうの道に銀行があります。	いえのひだりにははなや、むこうのみちにぎんこうがあります。	
n5_7.json	東のほうには大学、西は駅、南は海、北は山があります。	ひがしのほうにはだいがく、にしはえき、みなみはうみ、きたはやまがあります。	
n5_7.json	家の中で、私は朝ご飯をゆっくり食べるのが好きです。一日三回のご飯はとても大切です。	いえのなかで、わたしはあさごはんをゆっくりたべるのがすきです。いちにちさんかいのごはんはとてもたいせつです。	
n5_7.json	食べ物と飲み物はいつも台所に置いてあります。	たべものとのみものはいつもだいどころにおいてあります。	
n5_7.json	友達が来ます。こちらの椅子、そちらの椅子、どちらでも座れますよ。	ともだちがきます。こちらのいす、そちらのいす、どちらでもすわれますよ。	
n5_7.json	あちらは遠い国の友達、近くに住んでいる友達もよく来て、一緒にご飯を食べます。	あちらはとおいくにのともだち、ちかくにすんでいるともだちもよくきて、いっしょにごはんをたべます。	
n5_8.json	お母さんの料理は本当においしいです。	おかあさんのりょうりはほんとうにおいしいです。	
n5_8.json	朝ご飯はパンと卵、それから牛乳です。	あさごはんはぱんとたまご、それからぎゅうにゅうです。	
n5_8.json	昼ご飯は学校でお母さんのお弁当を食べます。中に肉、魚、野菜が入っていて、とても嬉しいです。	ひるごはんはがっこうでおかあさんのおべんとうをたべます。なかににく、さかな、やさいがはいっていて、とてもうれしいです。	
n5_8.json	果物も好きで、りんごとみかんをよく食べます。	くだものもすきで、りんごとみかんをよくたべます。	
n5_8.json	お父さんは仕事の後、晩ご飯と一緒にお酒を少し飲みます。	おとうさんはしごとののち、ばんごはんといっしょにおさけをすこしのみます。	
n5_8.json	私は甘いお菓子より、コーヒーや紅茶のほうが好きです。	わたしはあまいおかしより、こーひーやこうちゃのほうがすきです。	
n5_8.json	夏は水とジュースをよく飲んで、冬はお茶で温まります。	なつはみずとじゅーすをよくのんで、ふゆはおちゃであたたまります。	
n5_9.json	うちの机の上にはたくさんの物があります。	うちのつくえのうえにはたくさんのものがあります。	
n5_9.json	英語の教科書、日本語の辞書、開いた雑誌、それから昨日の新聞も。	えいごのきょうかしょ、にほんごのじしょ、ひらいたざっし、それからきのうのしんぶんも。	
n5_9.json	ノートに鉛筆とペンとボールペンで書いていて、間違えたら消しゴムを使います。	のーとにえんぴつとぺんとぼーるぺんでかいていて、まちがえたらけしごむをつかいます。	
n5_9.json	今、先生に手紙を書いています。葉書も書きたいから、後で切手と封筒を買いに行きます。	いま、せんせいにてがみをかいています。はがきもかきたいから、あとできってとふうとうをかいにいきます。	
n5_9.json	紙の上に下書きしてから、大事な本を読みます。	かみのうえにしたがきしてから、だいじなほんをよみます。	
n5_9.json	台所からいい匂いがします。お母さんが料理をしていて、砂糖、塩、醤油を全部使っています。	だいどころからいいにおいがします。おかあさんがりょうりをしていて、さとう、しお、しょうゆをぜんぶつかっています。	
n5_9.json	最後に、家の鍵を持って、買い物に出かけます。	さいごに、いえのかぎをもって、かいものにでかけます。	
n5_10.json	私の部屋にはベッドと机と椅子があります。	わたしのへやにはべっどとつくえといすがあります。	
n5_10.json	机の上にパソコンとカメラ、横の窓から朝の光が入ります。	つくえのうえにぱそこんとかめら、よこのまどからあさのひかりがはいります。	
n5_10.json	テーブルの上には、写真と花、それから時計を入れる小さな箱があります。財布もここに置いてあります。	てーぶるのうえには、しゃしんとはな、それからとけいをいれるちいさなはこがあります。さいふもここにおいてあります。	
n5_10.json	家を出るとき、眼鏡をかけて、鞄を持って、ドアをちゃんと閉めました。	いえをでるとき、めがねをかけて、かばんをもって、どあをちゃんとしめました。	
n5_10.json	外は雨だったので、傘も持ちました。	そとはあめだったので、かさももちました。	
n5_10.json	電気を消す前に、テレビとラジオも切って、電話もマナーモードにしました。	でんきをけすまえに、てれびとらじおもきって、でんわもまなーもーどにしました。	
n5_11.json	うちには色々な家電があります。エアコン、冷蔵庫、洗濯機、みんな大切です。	うちにはいろいろなかでんがあります。えあこん、れいぞうこ、せんたくき、みんなたいせつです。	
n5_11.json	朝、お風呂の後、石鹸で手を洗って、新しいタオルを使います。	あさ、おふろののち、せっけんでてをあらって、あたらしいたおるをつかいます。	
n5_11.json	朝ご飯はコップに水、茶碗にご飯、皿にパン。箸とスプーン、フォークも使います。	あさごはんはこっぷにみず、ちゃわんにごはん、さらにぱん。はしとすぷーん、ふぉーくもつかいます。	
n5_11.json	お肉を切るときはナイフが必要です。	おにくをきるときはないふがひつようです。	
n5_11.json	服を着替えるのが好きです。今日は何の服にしようかな。	ふくをきがえるのがすきです。きょうはなにのふくにしようかな。	
n5_11.json	冬はセーターとコートとズボン、夏はTシャツとスカート。	ふゆはせーたーとこーととずぼん、なつはてぃーしゃつとすかーと。	
n5_11.json	シャツも色違いで毎日着ます。	しゃつもいろちがいでまいにちきます。	
n5_11.json	洋服がたくさんあって、整理が大変ですが、毎日楽しいです。	ようふくがたくさんあって、せいりがたいへんですが、まいにちたのしいです。	
n5_12.json	朝起きて、体と頭が痛い。風邪かもしれません。	あさおきて、からだとあたまがいたい。かぜかもしれません。	
n5_12.json	鏡で顔を見ました。目が赤くて、鼻も少し赤いです。	かがみでかおをみました。めがあかくて、はなもすこしあかいです。	
n5_12.json	歯を磨いて、口を水ですすぎました。耳も洗いました。	はをみがいて、くちをみずですすぎました。みみもあらいました。	
n5_12.json	手と足を伸ばして、指を動かして、お腹をさすります。	てとあしをのばして、ゆびをうごかして、おなかをさすります。	
n5_12.json	今日の天気は雨です。	きょうのてんきはあめです。	
n5_12.json	服を着て、靴下と靴を履いて、帽子をかぶります。	ふくをきて、くつしたとくつをはいて、ぼうしをかぶります。	
n5_12.json	ネクタイも忘れません。背が低いから、長めのを選びます。	ねくたいもわすれません。せがひくいから、ながめのをえらびます。	
n5_12.json	「今日も頑張ろう」と声を出して、家を出ます。	「きょうもがんばろう」とこえをだして、いえをでます。	
n5_13.json	先月の旅行で、いろいろな自然と動物を見ました。	せんげつのりょこうで、いろいろなしぜんとどうぶつをみました。	
n5_13.json	家から駅まで自転車、駅から電車に乗って、地下鉄に乗り換えて、海の近くの町まで行きました。父は車で先に行きました。	いえからえきまでじてんしゃ、えきからでんしゃにのって、ちかてつにのりかえて、うみのちかくのまちまでいきました。ちちはくるまでさきにいきました。	
n5_13.json	空はとても青くて、風が気持ちよかったです。	そらはとてもあおくて、かぜがきもちよかったです。	
n5_13.json	公園の池には鳥がたくさん、近くの木の下に犬と猫がいました。	こうえんのいけにはとりがたくさん、ちかくのこのしたにいぬとねこがいました。	
n5_13.json	動物が大好きなので、すごく楽しかったです。	どうぶつがだいすきなので、すごくたのしかったです。	
n5_13.json	次の日は山に行って、川で水を触りました。冬は雪も降るそうです。	つぎのひはやまにいって、かわでみずをさわりました。ふゆはゆきもふるそうです。	
n5_13.json	帰りはタクシーとバスを使って、最後に飛行機で家へ。	かえりはたくしーとばすをつかって、さいごにひこうきでいえへ。	
n5_13.json	来年は船に乗って、もっと遠くへ行きたいです。	らいねんはふねにのって、もっととおくへいきたいです。	
n5_14.json	私は大学で日本語の勉強を頑張っています。お父さんは仕事で忙しいですが、私はまだ勉強だけです。	わたしはだいがくでにほんごのべんきょうをがんばっています。おとうさんはしごとでいそがしいですが、わたしはまだべんきょうだけです。	
n5_14.json	毎日の宿題、来週の試験、明日のテスト、頭が痛くなります。	まいにちのしゅくだい、らいしゅうのしけん、あしたのてすと、あたまがいたくなります。	
n5_14.json	授業中に先生の話を聞いて、分からない問題があれば質問します。	じゅぎょうちゅうにせんせいのはなしをきいて、わからないもんだいがあればしつもんします。	
n5_14.json	先生から答えをもらって、ノートに書いて、家で練習します。	せんせいからこたえをもらって、のーとにかいて、いえでれんしゅうします。	
n5_14.json	週末はもっと自由です。買い物をしたり、散歩をしたり、映画を見たりします。	しゅうまつはもっとじゆうです。かいものをしたり、さんぽをしたり、えいがをみたりします。	
n5_14.json	音楽が好きで、家で日本の歌を歌います。	おんがくがすきで、いえでにっぽんのうたをうたいます。	
n5_14.json	スポーツも好きで、友達とサッカーとテニスをします。	すぽーつもすきで、ともだちとさっかーとてにすをします。	
n5_14.json	夏休みに北海道へ旅行する予定です。切符はもう買いました。	なつやすみにほっかいどうへりょこうするよていです。きっぷはもうかいました。	
n5_15.json	来週、友達の結婚式に行きます。	らいしゅう、ともだちのけっこんしきにいきます。	
n5_15.json	東京で大きなパーティーがあって、お祭りみたいな楽しさだと思います。	とうきょうでおおきなぱーてぃーがあって、おまつりみたいなたのしさだとおもいます。	
n5_15.json	電話番号と住所をもう一度確認しました。地図も準備しています。	でんわばんごうとじゅうしょをもういちどかくにんしました。ちずもじゅんびしています。	
n5_15.json	招待状の番号で席が分かります。	しょうたいじょうのばんごうでせきがわかります。	
n5_15.json	結婚式の前に、デパートでプレゼントを買いました。お土産もたくさん持っていきます。	けっこんしきのまえに、でぱーとでぷれぜんとをかいました。おみやげもたくさんもっていきます。	
n5_15.json	お金が足りるかな。荷物も少し重いです。	おかねがたりるかな。にもつもすこしおもいです。	
n5_15.json	友達は日本語、英語、もう一つの外国語も上手です。	ともだちはにほんご、えいご、もうひとつのがいこくごもじょうずです。	
n5_15.json	招待状の文の漢字に、意味が分からない言葉もあります。	しょうたいじょうのぶんのかんじに、いみがわからないことばもあります。	
n5_15.json	結婚式の後はみんなでゲームをしたり、水泳もする予定です。	けっこんしきののちはみんなでげーむをしたり、すいえいもするよていです。	
n5_16.json	私の趣味は読書と絵を描くことです。	わたしのしゅみはどくしょとえをえがくことです。	
n5_16.json	色がたくさん使えます。赤、青、白、黒、全部の色が好きです。	いろがたくさんつかえます。あか、あお、しろ、くろ、ぜんぶのいろがすきです。	
n5_16.json	昨日、風邪をひいて、病気になりました。薬を飲んで、ベッドで休みました。	きのう、かぜをひいて、びょうきになりました。くすりをのんで、べっどでやすみました。	
n5_16.json	気持ちは少し落ち着いたけれど、まだ心が重いです。	きもちはすこしおちついたけれど、まだこころがおもいです。	
n5_16.json	ふと、雨の音が聞こえてきました。本を開いて、ページをめくります。	ふと、あめのおとがきこえてきました。ほんをひらいて、ぺーじをめくります。	
n5_16.json	クラスの友達に電話して、明日学校を休む話をしました。	くらすのともだちにでんわして、あしたがっこうをやすむはなしをしました。	
n5_16.json	夜、トイレに何回も行きました。朝はゆっくりシャワーを浴びました。	よる、といれになんかいもいきました。あさはゆっくりしゃわーをあびました。	
n5_16.json	来週はお正月、家族との約束があります。今日は他の用事を全部キャンセルしました。	らいしゅうはおしょうがつ、かぞくとのやくそくがあります。きょうはたのようじをぜんぶきゃんせるしました。	
n5_17.json	毎朝、ニュースを見るのが習慣です。	まいあさ、にゅーすをみるのがしゅうかんです。	
n5_17.json	世界の社会、経済、文化、歴史、いろいろなことを学びます。	せかいのしゃかい、けいざい、ぶんか、れきし、いろいろなことをまなびます。	
n5_17.json	日本のニュースと中国のニュースを両方見ます。	にっぽんのにゅーすとちゅうごくのにゅーすをりょうほうみます。	
n5_17.json	一日に十のトピックを覚えるのが目標です。	いちにちにじゅうのとぴっくをおぼえるのがもくひょうです。	
n5_17.json	ノートに一つ、二つ、三つ、四つと書いていきます。	のーとにひとつ、ふたつ、みっつ、よっつとかいていきます。	
n5_17.json	今日は五つ、六つくらい、新しいことを学びました。	きょうはいつつ、むっつくらい、あたらしいことをまなびました。	
n5_17.json	あと七つ、八つ、九つくらいあります。半分は明日にしようと思います。	あとななつ、やっつ、ここのつくらいあります。はんぶんはあしたにしようとおもいます。	
n5_17.json	全部覚えるのは大変だけど、毎日少しずつ。	ぜんぶおぼえるのはたいへんだけど、まいにちすこしずつ。	
n5_18.json	来年、世界一周の旅をしたいです。	らいねん、せかいいっしゅうのたびをしたいです。	
n5_18.json	韓国、アメリカ、イギリス、フランス、ドイツ、全部行ってみたいです。	かんこく、あめりか、いぎりす、ふらんす、どいつ、ぜんぶおこなってみたいです。	
n5_18.json	朝7時に起きて、夜11時に寝る。これが毎日のリズムです。	あさ7じにおきて、よる11じにねる。これがまいにちのりずむです。	
n5_18.json	朝起きたらまず、窓を開けて、ドアを閉めます。	あさおきたらまず、まどをあけて、どあをしめます。	
n5_18.json	電気をつけて、テレビを見て、お湯にコーヒーを入れます。	でんきをつけて、てれびをみて、おゆにこーひーをいれます。	
n5_18.json	朝ご飯を食べてから、テレビを消して、家を出ます。	あさごはんをたべてから、てれびをけして、いえをでます。	
n5_18.json	外で友達と会って、新しい本を見せて、新しい言葉を教えてもらいました。	そとでともだちとあって、あたらしいほんをみせて、あたらしいことばをおしえてもらいました。	
n5_18.json	覚えたい言葉が多くて、忘れないようにノートに書きます。	おぼえたいことばがおおくて、わすれないようにのーとにかきます。	
n5_18.json	夕方、出かける予定もあります。	ゆうがた、でかけるよていもあります。	
n5_19.json	私は今、東京にいます。来年、新しい仕事を始めます。	わたしはいま、とうきょうにいます。らいねん、あたらしいしごとをはじめます。	
n5_19.json	授業で先生に質問されて、すぐ答えました。	じゅぎょうでせんせいにしつもんされて、すぐこたえました。	
n5_19.json	友達から本を借りて、家に帰る前に図書館に降りて読みました。	ともだちからほんをかりて、いえにかえるまえにとしょかんにおりてよみました。	
n5_19.json	シャワーを浴びて、服を着て、出かけます。	しゃわーをあびて、ふくをきて、でかけます。	
n5_19.json	電話を掛けて、約束をしました。	でんわをかけて、やくそくをしました。	
n5_19.json	歩いて行くのが疲れたので、タクシーを止めました。	あるいていくのがつかれたので、たくしーをとめました。	
n5_19.json	店に来て、お皿を並べる仕事をしました。	みせにきて、おさらをならべるしごとをしました。	
n5_19.json	私は2000年に生まれました。今は社会人になりたいと考えています。	わたしは2000ねんにうまれました。いまはしゃかいじんになりたいとかんがえています。	
n5_19.json	できることは全部やります。仕事も家事もあります。何でもします。	できることはぜんぶやります。しごともかじもあります。なにでもします。	
n5_20.json	今朝、お母さんが「早く起きて」と言いました。	けさ、おかあさんが「はやくおきて」といいました。	
n5_20.json	ニュースを聞いて、新聞を読みました。	にゅーすをきいて、しんぶんをよみました。	
n5_20.json	友達に電話して、しばらく話しました。	ともだちにでんわして、しばらくはなしました。	
n5_20.json	ノートに今日の予定を書きました。	のーとにきょうのよていをかきました。	
n5_20.json	朝ご飯にコーヒーを飲んで、お弁当も買いました。	あさごはんにこーひーをのんで、おべんとうもかいました。	
n5_20.json	中古の自転車を売る人を見つけて、家まで持って帰りました。	ちゅうこのじてんしゃをうるひとをみつけて、いえまでもってかえりました。	
n5_20.json	バスを待って、立って乗りました。座る席がなかったから。	ばすをまって、たってのりました。すわるせきがなかったから。	
n5_20.json	公園に入って、少し走って、歩いて、池で泳いでいる魚を見ました。	こうえんにはいって、すこしはしって、あるいて、いけでおよいでいるさかなをみました。	
n5_20.json	子供たちは遊んでいて、私は新しいカメラを使って写真を撮ったり、紙で何かを作ったりしました。	こどもたちはあそんでいて、わたしはあたらしいかめらをつかってしゃしんをとったり、かみでなにかをつくったりしました。	
n5_21.json	アルバイトの日。店の前で深呼吸して、息を吸って準備をします。	あるばいとのひ。みせのまえでしんこきゅうして、いきをすってじゅんびをします。	
n5_21.json	ドアが開いて、お客様が来ました。コーヒーを淹れて、カップを机に置きました。	どあがひらいて、おきゃくさまがきました。こーひーを淹れて、かっぷをつくえにおきました。	
n5_21.json	お客様がボタンを押して、追加注文。冷蔵庫を開けて、卵を取って、ケーキを切ります。	おきゃくさまがぼたんをおして、ついかちゅうもん。れいぞうこをあけて、たまごをとって、けーきをきります。	
n5_21.json	カウンターからお皿を引いて、お客様に渡しました。写真を撮りたいというお客様にもメニューを渡しました。	かうんたーからおさらをひいて、おきゃくさまにわたしました。しゃしんをとりたいというおきゃくさまにもめにゅーをわたしました。	
n5_21.json	お客様が帰ったあと、お皿を洗って、磨いて、テーブルを綺麗にします。	おきゃくさまがかえったあと、おさらをあらって、みがいて、てーぶるをきれいにします。	
n5_21.json	夕方、店が閉まる時間。最後のお客様が橋の前で止まって、それから渡って帰っていきました。	ゆうがた、みせがしまるじかん。さいごのおきゃくさまがはしのまえでとまって、それからわたってかえっていきました。	
n5_21.json	電気が付いていたので消して、本も返しました。借りていた本を貸してくれた人に送って、終わりです。	でんきがついていたのでけして、ほんもかえしました。かりていたほんをかしてくれたひとにおくって、おわりです。	
n5_21.json	家まで歩く道で、車が動いていて、賑やかでした。次の交差点で曲がって、家に着きました。	いえまであるくみちで、くるまがうごいていて、にぎやかでした。つぎのこうさてんでまがって、いえにつきました。	
n5_22.json	私は東京に住んで、新しい会社で働いています。先週、仕事が始まりました。	わたしはとうきょうにすんで、あたらしいかいしゃではたらいています。せんしゅう、しごとがはじまりました。	
n5_22.json	初日、何が要るか分からなくて、心配でした。同僚に会って、いろいろ習いました。	しょにち、なにがいるかわからなくて、しんぱいでした。どうりょうにあって、いろいろならいました。	
n5_22.json	会社まで電車で1時間掛かります。お昼休みには公園で休んで、鳥が飛んでいるのを見ました。	かいしゃまででんしゃで1じかんかかります。おひるやすみにはこうえんでやすんで、とりがとんでいるのをみました。	
n5_22.json	窓の外で風が吹いて、雨も降り始めました。	まどのそとでかぜがふいて、あめもおりはじめました。	
n5_22.json	先輩がギターを弾いて、誰かが歌を歌っていました。	せんぱいがぎたーをひいて、だれかがうたをうたっていました。	
n5_22.json	メールを送りたかったけど、なかなか出せませんでした。	めーるをおくりたかったけど、なかなかだせませんでした。	
n5_22.json	家にお母さんからの手紙が届きました。「おじいさんが死にました」と書いてあって、悲しかったです。	いえにおかあさんからのてがみがとどきました。「おじいさんがしにました」とかいてあって、かなしかったです。	
n5_22.json	気持ちが消えなくて、まだよく知らないことが多いです。一週間が終わって、休みたいです。	きもちがきえなくて、まだよくしらないことがおおいです。いちしゅうかんがおわって、やすみたいです。	
n5_23.json	先週、友達と山に登りました。天気がいいと思って、軽い服で行きました。	せんしゅう、ともだちとやまにのぼりました。てんきがいいとおもって、かるいふくでいきました。	
n5_23.json	途中で違う道に行ってしまって、列に並んで地図を見ても分かりません。	とちゅうでちがうみちにいってしまって、れつにならんでちずをみてもわかりません。	
n5_23.json	困った私は、警察に頼んで助けを呼びました。	こまったわたしは、けいさつにたのんでたすけをよびました。	
n5_23.json	無事に帰って、笑ったり泣いたり、怒る気持ちもありました。	ぶじにかえって、わらったりないたり、おこるきもちもありました。	
n5_23.json	家で靴を脱いで、別の服を履いて、暖かい帽子を被りました。	いえでくつをぬいで、べつのふくをはいて、あたたかいぼうしをこうむりました。	
n5_23.json	友達が手作りのケーキをくれて、私もお礼にお茶をあげました。お母さんからもプレゼントをもらいました。	ともだちがてづくりのけーきをくれて、わたしもおれいにおちゃをあげました。おかあさんからもぷれぜんとをもらいました。	
n5_23.json	あの日、財布をなくしたことに気づきました。	あのひ、さいふをなくしたことにきづきました。	
n5_23.json	次は計画を立てて勉強してから、旅行や散歩を楽しみたいです。	つぎはけいかくをたててべんきょうしてから、りょこうやさんぽをたのしみたいです。	
n5_24.json	来月、私と彼は結婚します。	らいげつ、わたしとかれはけっこんします。	
n5_24.json	毎日忙しくて、料理する、洗濯する、掃除する、ぜんぶ二人で分担しています。	まいにちいそがしくて、りょうりする、せんたくする、そうじする、ぜんぶににんでぶんたんしています。	
n5_24.json	友達に紹介してもらった式場は、大きいけれど少し古いです。新しい所も探しましたが、高くて諦めました。	ともだちにしょうかいしてもらったしきじょうは、おおきいけれどすこしふるいです。あたらしいところもさがしましたが、たかくてあきらめました。	
n5_24.json	安い式場は逆に小さくて、二人で座れないくらいでした。	やすいしきじょうはぎゃくにちいさくて、ににんですわれないくらいでした。	
n5_24.json	両親に電話して、招待状をコピーして、毎日が準備の日。心配する気持ちが消えません。	りょうしんにでんわして、しょうたいじょうをこぴーして、まいにちがじゅんびのひ。しんぱいするきもちがきえません。	
n5_24.json	気分転換に、ジムで運動して、レストランで食事しました。	きぶんてんかんに、じむでうんどうして、れすとらんでしょくじしました。	
n5_24.json	セール中の家具を買い物して、低いテーブルを選びました。結婚式の歌も少し練習しています。	せーるちゅうのかぐをかいものして、ひくいてーぶるをえらびました。けっこんしきのうたもすこしれんしゅうしています。	
n5_25.json	先月、新しい家に引っ越しました。前の家は狭くて部屋が少なくて、不便でした。	せんげつ、あたらしいいえにひっこしました。まえのいえはせまくてへやがすくなくて、ふべんでした。	
n5_25.json	新しい家は広くて部屋が多い、良い家です。	あたらしいいえはひろくてへやがおおい、よいいえです。	
n5_25.json	ただ、駅から遠くて、通勤時間が長くなりました。前は近かったから、短い時間で着いたのに。	ただ、えきからとおくて、つうきんじかんがながくなりました。まえはちかかったから、みじかいじかんでついたのに。	
n5_25.json	新しい場所はバスが遅いので、早く起きないと間に合いません。自転車で行くと速いです。	あたらしいばしょはばすがおそいので、はやくおきないとまにあいません。じてんしゃでいくとはやいです。	
n5_25.json	今朝は強い風で電車が止まり、揺れも弱くなかったです。	けさはつよいかぜででんしゃがとまり、ゆれもよわくなかったです。	
n5_25.json	夏の朝は暑いから、薄い服を選びます。	なつのあさはあついから、うすいふくをえらびます。	
n5_25.json	悪い天気の日は、重い鞄を持つのが大変、軽いものに変えます。	わるいてんきのひは、おもいかばんをもつのがたいへん、かるいものにかえます。	
n5_25.json	お父さんはお腹が太い、私は細いです。	おとうさんはおなかがふとい、わたしはほそいです。	
n5_26.json	日本語の勉強は難しいけど、面白いです。	にほんごのべんきょうはむずかしいけど、おもしろいです。	
n5_26.json	最初は易しい言葉から覚えました。	さいしょはやさしいことばからおぼえました。	
n5_26.json	先生の説明はつまらない時もあるけど、忙しい時はもっと忙しい気持ちになります。	せんせいのせつめいはつまらないときもあるけど、いそがしいときはもっといそがしいきもちになります。	
n5_26.json	テスト前は怖い、悲しい時は寂しい、合格すると嬉しい、楽しいの繰り返し。	てすとまえはこわい、かなしいときはさびしい、ごうかくするとうれしい、たのしいのくりかえし。	
n5_26.json	今は寒い冬。朝は暖かいお茶、夜は冷たい牛乳。	いまはさむいふゆ。あさはあたたかいおちゃ、よるはつめたいぎゅうにゅう。	
n5_26.json	夏は涼しい場所が好きです。	なつはすずしいばしょがすきです。	
n5_26.json	カフェのケーキは甘くて美味しい、でもインドのカレーは辛くて不味い時もあります。	かふぇのけーきはあまくておいしい、でもいんどのかれーはつらくてまずいときもあります。	
n5_26.json	熱いコーヒーを急いで飲んで、口が痛い!	あついこーひーをいそいでのんで、くちがいたい!	
n5_27.json	先週、珍しい人に会いました。	せんしゅう、めずらしいひとにあいました。	
n5_27.json	彼は若い男性で、かっこよくて、優しいです。でも仕事には厳しい人だと聞きました。	かれはわかいだんせいで、かっこよくて、やさしいです。でもしごとにはきびしいひとだとききました。	
n5_27.json	彼の家は明るい部屋もあれば、暗い部屋もあって、面白い設計です。	かれのいえはあかるいへやもあれば、くらいへやもあって、おもしろいせっけいです。	
n5_27.json	机の上に白い箱、その中に黒い帽子、赤いネクタイ、青いシャツ、黄色いペンが入っていました。	つくえのうえにしろいはこ、そのなかにくろいぼうし、あかいねくたい、あおいしゃつ、きいろいぺんがはいっていました。	
n5_27.json	丸い時計、四角いテーブル、いろんな形が好きみたいです。彼の犬はとても可愛いです。	まるいとけい、しかくいてーぶる、いろんなかたちがすきみたいです。かれのいぬはとてもかわいいです。	
n5_27.json	外は車がうるさい、道は少し汚いけど、家の中は静かでした。	そとはくるまがうるさい、みちはすこしきたないけど、いえのなかはしずかでした。	
n5_27.json	夜は眠くて、危ない運転をしないように、タクシーで帰りました。	よるはねむくて、あぶないうんてんをしないように、たくしーでかえりました。	
n5_27.json	ああいうかっこいい人と友達になりたい、新しい家具も欲しいなぁ。	ああゆうかっこいいひととともだちになりたい、あたらしいかぐもほしいなぁ。	
n5_28.json	日本語の先生はすごい人です。	にほんごのせんせいはすごいひとです。	
n5_28.json	教え方は素晴らしくて、説明も正しいです。	おしえかたはすばらしくて、せつめいもただしいです。	
n5_28.json	いつも元気で、生徒に親切で、丁寧に教えてくれます。	いつもげんきで、せいとにしんせつで、ていねいにおしえてくれます。	
n5_28.json	私は日本語が大好きです。漢字は嫌いだけど、ひらがなは好きです。	わたしはにほんごがだいすきです。かんじはきらいだけど、ひらがなはすきです。	
n5_28.json	テストの中で間違いやすい字は大嫌いです。	てすとのなかでまちがいやすいじはだいきらいです。	
n5_28.json	クラスメイトの中で、有名な歌が上手な子もいれば、下手な子もいます。	くらすめいとのなかで、ゆうめいなうたがじょうずなこもいれば、へたなこもいます。	
n5_28.json	教室は静かなときもあれば、賑やかなときもあります。	きょうしつはしずかなときもあれば、にぎやかなときもあります。	
n5_28.json	アプリで勉強するのは便利、紙のノートは少し不便かもしれません。	あぷりでべんきょうするのはべんり、かみののーとはすこしふべんかもしれません。	
n5_28.json	簡単な文法と複雑な文法、両方とも大切です。	かんたんなぶんぽうとふくざつなぶんぽう、りょうほうともたいせつです。	
n5_29.json	先週、いとこの結婚式に行きました。大丈夫、緊張しませんでした。	せんしゅう、いとこのけっこんしきにいきました。だいじょうぶ、きんちょうしませんでした。	
n5_29.json	会場は綺麗で、立派で、特別な雰囲気でした。	かいじょうはきれいで、りっぱで、とくべつなふんいきでした。	
n5_29.json	新郎はハンサムで、新婦と同じくらい笑顔がよく似合います。	しんろうははんさむで、しんぷとおなじくらいえがおがよくにあいます。	
n5_29.json	料理はとても美味しくて、たくさん食べました。	りょうりはとてもおいしくて、たくさんたべました。	
n5_29.json	次の日は暇だったので、色々なことをしました。	つぎのひはひまだったので、いろいろなことをしました。	
n5_29.json	もう少し休みたかったけど、ちょっと用事がありました。	もうすこしやすみたかったけど、ちょっとようじがありました。	
n5_29.json	来月もっと忙しくなりますが、家族との時間が一番大切。	らいげつもっといそがしくなりますが、かぞくとのじかんがいちばんたいせつ。	
n5_29.json	いつも家にいる弟、時々遊びに来るおばさん、たまに連絡するおじさん、みんなを思います。	いつもいえにいるおとうと、ときどきあそびにくるおばさん、たまにれんらくするおじさん、みんなをおもいます。	
n5_29.json	大変な時もあるけど、あまり心配していません。	たいへんなときもあるけど、あまりしんぱいしていません。	
n5_30.json	初めて日本に行きました。	はじめてにっぽんにいきました。	
n5_30.json	飛行機の中で、まずパスポートを準備しました。	ひこうきのなかで、まずぱすぽーとをじゅんびしました。	
n5_30.json	東京駅に着いたとき、もう夜でした。すぐホテルに行きたかったです。	とうきょうえきについたとき、もうよるでした。すぐほてるにいきたかったです。	
n5_30.json	「どうぞこちらへ」と案内され、ゆっくり歩きました。	「どうぞこちらへ」とあんないされ、ゆっくりあるきました。	
n5_30.json	日本語は全然できないけど、だんだん慣れてきました。まだ大丈夫、多分英語で何とかなります。	にほんごはぜんぜんできないけど、だんだんなれてきました。まだだいじょうぶ、たぶんえいごでなんとかなります。	
n5_30.json	「どうしたんですか?」と聞かれて、なぜか涙が出ました。きっと疲れていたんだと思います。	「どうしたんですか?」ときかれて、なぜかなみだがでました。きっとつかれていたんだとおもいます。	
n5_30.json	店員さんがはっきり、ちゃんと説明してくれて、本当に親切でした。	てんいんさんがはっきり、ちゃんとせつめいしてくれて、ほんとうにしんせつでした。	
n5_30.json	大体わかったので、一緒に観光地まで歩きました。まっすぐ歩いて、また道に迷いました。	だいたいわかったので、いっしょにかんこうちまであるきました。まっすぐあるいて、またみちにまよいました。	
n5_31.json	店員さんに聞きたいことがいっぱいあります。	てんいんさんにききたいことがいっぱいあります。	
n5_31.json	「どうしてこの商品はないんですか?どうやって注文しますか?どのくらい時間が掛かりますか?」	「どうしてこのしょうひんはないんですか?どうやってちゅうもんしますか?どのくらいじかんがかかりますか?」	
n5_31.json	「これはいくらですか?いくつ買えばいいですか?いつ届きますか?どこで受け取りますか?」	「これはいくらですか?いくつかえばいいですか?いつとどきますか?どこでうけとりますか?」	
n5_31.json	「何時に開きますか?誰に聞けばいいですか?」	「なんじにひらきますか?だれにきけばいいですか?」	
n5_31.json	「もう少し待ってください、そろそろ届きます」と言われて、やっと安心しました。	「もうすこしまってください、そろそろとどきます」といわれて、やっとあんしんしました。	
n5_31.json	さっき、お母さんからもう一度電話がありました。	さっき、おかあさんからもういちどでんわがありました。	
n5_31.json	「必ず、絶対忘れないで」と言われました。特に大切なメモは、普通のノートに書きません。	「かならず、ぜったいわすれないで」といわれました。とくにたいせつなめもは、ふつうののーとにかきません。	
n5_31.json	「はい、わかりました」と返事しましたが、心の中では「いいえ、忘れそう」と思っていました。	「はい、わかりました」とへんじしましたが、こころのなかでは「いいえ、わすれそう」とおもっていました。	
n5_32.json	朝、お母さんに「おはようございます」と言って、朝ご飯を食べる前に「いただきます」。	あさ、おかあさんに「おはようございます」といって、あさごはんをたべるまえに「いただきます」。	
n5_32.json	「ごちそうさまでした」と言ってから、「行ってきます」。お母さんは「行ってらっしゃい」と笑いました。	「ごちそうさまでした」といってから、「おこなってきます」。おかあさんは「おこなってらっしゃい」とわらいました。	
n5_32.json	学校で先生に「こんにちは」、新しい友達には「初めまして、よろしくお願いします」。	がっこうでせんせいに「こんにちは」、あたらしいともだちには「そめまして、よろしくおねがいします」。	
n5_32.json	友達が「ええ、いいですよ」と返事してくれました。	ともだちが「ええ、いいですよ」とへんじしてくれました。	
n5_32.json	忘れ物をして、「ごめんなさい」と謝りました。先生は「どういたしまして」と笑顔。	わすれものをして、「ごめんなさい」とあやまりました。せんせいは「どういたしまして」とえがお。	
n5_32.json	教科書を借りる時に「すみません、お願いします」と頼みました。「ありがとうございます」も忘れません。	きょうかしょをかりるときに「すみません、おねがいします」とたのみました。「ありがとうございます」もわすれません。	
n5_32.json	夕方、家に帰って「ただいま」。お母さんは「お帰りなさい」。	ゆうがた、いえにかえって「ただいま」。おかあさんは「おかえりなさい」。	
n5_32.json	夜は「こんばんは」、寝る前に「おやすみなさい」、明日また「さようなら」を聞きたくないですね。	よるは「こんばんは」、ねるまえに「おやすみなさい」、あしたまた「さようなら」をききたくないですね。	
n5_33.json	友達に久しぶりに会って、「お元気ですか?」と聞きました。	ともだちにひさしぶりにあって、「おげんきですか?」とききました。	
n5_33.json	「でも、今ちょっと風邪気味で…」「お大事に」と返しました。	「でも、いまちょっとかぜぎみで…」「おだいじに」とかえしました。	
n5_33.json	友達は「お誕生日おめでとう!」と言って、プレゼントをくれました。「おめでとうございます」ともう一度伝えました。	ともだちは「おたんじょうびおめでとう!」といって、ぷれぜんとをくれました。「おめでとうございます」ともういちどつたえました。	
n5_33.json	会社に戻る時は「失礼します」。「ちょっと待ってください、これも持って行って」と渡されました。	かいしゃにもどるときは「しつれいします」。「ちょっとまってください、これももっていって」とわたされました。	
n5_33.json	「それ、何ですか?あれは?どれが大事ですか?」	「それ、なにですか?あれは?どれがだいじですか?」	
n5_33.json	「この箱は明日の会議用。しかし、それから時間がないかもしれません」と説明。	「このはこはあしたのかいぎよう。しかし、それからじかんがないかもしれません」とせつめい。	
n5_33.json	「それでスケジュール変更?だからメールも届いていない?けれども、私は知らされていません」	「それですけじゅーるへんこう?だからめーるもとどいていない?けれども、わたしはしらされていません」	
n5_33.json	「それに、来月の予定もあります。または、再来月。」と話しました。そして、夕方の電車に乗りました。	「それに、らいげつのよていもあります。または、さらいげつ。」とはなしました。そして、ゆうがたのでんしゃにのりました。	
n5_34.json	友達が来ました。「この家、初めて見るね」と言いました。	ともだちがきました。「このいえ、はじめてみるね」といいました。	
n5_34.json	「その部屋は私の、あの部屋は弟の、どの部屋がいい?」と聞きました。	「そのへやはわたしの、あのへやはおとうとの、どのへやがいい?」とききました。	
n5_34.json	「ここはリビング、そこはキッチン、あそこはお風呂です。」	「ここはりびんぐ、そこはきっちん、あそこはおふろです。」	
n5_34.json	「この本はこう読みます。そう、その読み方で正解!ああ、楽しい!」	「このほんはこうよみます。そう、そのよみかたでせいかい!ああ、たのしい!」	
n5_34.json	「こんな歌、そんな小説、あんな映画、どんな話が好き?」	「こんなうた、そんなしょうせつ、あんなえいが、どんなはなしがすき?」	
n5_34.json	「3時ごろまでに、1時間ぐらい話そう。」	「3じごろまでに、1じかんぐらいはなそう。」	
n5_34.json	「8時から始めて、ピアノとギターやテニスなどを話したい」	「8じからはじめて、ぴあのとぎたーやてにすなどをはなしたい」	
n5_35.json	来週は試験。今、勉強するところです。	らいしゅうはしけん。いま、べんきょうするところです。	
n5_35.json	みんなで頑張りましょう。	みんなでがんばりましょう。	
n5_35.json	私だけが心配しているように見えるかもしれない。しかし、合格するためには努力しなければならない。	わたしだけがしんぱいしているようにみえるかもしれない。しかし、ごうかくするためにはどりょくしなければならない。	
n5_35.json	自分の弱点はだいたい分かっています。文法しか苦手じゃないと思っています。	じぶんのじゃくてんはだいたいわかっています。ぶんぽうしかにがてじゃないとおもっています。	
n5_35.json	先生に聞きたいことがあります。聞いてもいいでしょうか?	せんせいにききたいことがあります。きいてもいいでしょうか?	
n5_35.json	「遊んでばかりはいけない、食べてはいけないこともある」と母に言われ、はずかしくなりました。母の言う通りです。	「あそんでばかりはいけない、たべてはいけないこともある」とははにいわれ、はずかしくなりました。ははのいうとおりです。	
n5_35.json	日本に行きたい、というのが私のつもりです。一人より、友達と一緒のほうが楽しい。	にっぽんにいきたい、というのがわたしのつもりです。いちにんより、ともだちといっしょのほうがたのしい。	
n5_35.json	天気予報によると、来週は雨だそうです。難しい問題が出るようだから、もっと練習。	てんきよほうによると、らいしゅうはあめだそうです。むずかしいもんだいがでるようだから、もっとれんしゅう。	
n5_36.json	会社の同僚が「お疲れ様です」と挨拶しました。	かいしゃのどうりょうが「おつかれさまです」とあいさつしました。	
n5_36.json	「あのう、明日のミーティング、何時からですか?」と聞きました。	「あのう、あしたのみーてぃんぐ、なんじからですか?」とききました。	
n5_36.json	先輩は「ええと、確か9時からだったと思います」と答えました。	せんぱいは「ええと、たしか9じからだったとおもいます」とこたえました。	
n5_36.json	「資料を先に見てください」と言われました。	「しりょうをさきにみてください」といわれました。	
n5_36.json	ちなみに、明日は雨だそうだ。傘を忘れないようにと言われ、家路につきました。	ちなみに、あしたはあめだそうだ。かさをわすれないようにといわれ、いえじにつきました。	
